education,city,monthly_income,current_assets,credit_score,Monto,paid_in_full,loss,paid_in_full_likelihood
0,0,11474.07,40530.37,611,6599489.0,1,$ 0,0.698181349398142
1,0,16686.98,61403.51,765,7466025.0,0,"$ 5,606,767",0.2145741693632501
0,1,9928.97,51321.42,542,13410229.0,1,$ 0,0.8953614357864587
0,2,11331.48,23544.06,619,17369018.0,0,"$ 9,059,520",0.8786528542043603
1,3,10146.78,27220.55,654,2493060.0,1,$ 0,0.8766556740107511
2,4,8563.07,72856.27,338,11903567.0,1,$ 0,0.9582209461855209
1,4,12371.87,78574.48,214,15010645.0,1,$ 0,0.9248593854659943
1,4,12137.66,96061.5,156,17680918.0,1,$ 0,0.9444668620341665
1,4,9972.67,54087.02,246,10638519.0,1,$ 0,0.9519013369662466
0,2,12532.51,19581.82,781,16284266.0,1,$ 0,0.8171540464887335
1,3,17426.47,49153.41,779,15630524.0,1,$ 0,0.5007330836028417
1,4,13613.62,53940.61,243,9768507.0,1,$ 0,0.8454529462520961
3,2,4761.05,13633.23,162,14457617.0,1,$ 0,0.9167611622011702
0,1,9996.83,61710.89,512,5673483.0,1,$ 0,0.882971533034187
3,3,6342.46,47673.04,524,520590.0,1,$ 0,0.9095350161762782
1,4,6040.65,44111.32,33,13762855.0,1,$ 0,0.9870063532763435
2,4,13032.41,63140.19,754,17016208.0,1,$ 0,0.8357283370920533
3,2,4986.47,26804.78,85,6024434.0,0,"$ 4,701,293",0.9026785976232825
3,1,10532.59,64264.78,624,11459597.0,1,$ 0,0.5829695708692266
2,3,11758.32,52116.71,580,2012057.0,1,$ 0,0.7455300325731257
0,3,8104.13,40461.38,548,3306503.0,1,$ 0,0.9670584041086684
3,2,3952.44,13514.6,77,8651348.0,1,$ 0,0.9258146984824919
1,4,10322.78,74727.74,160,6132929.0,1,$ 0,0.9501412682026742
2,0,14112.32,50621.95,720,915254.0,0,"$ 732,456",0.22360670251562254
1,4,16644.28,84106.18,768,13133057.0,1,$ 0,0.7386657392035174
2,1,3146.66,3745.63,44,5623023.0,1,$ 0,0.9369920005582166
0,1,11256.37,61246.43,531,13595943.0,1,$ 0,0.8568479323077496
2,1,10983.37,52661.63,385,17782862.0,1,$ 0,0.6877393231240876
2,0,13467.36,32554.09,763,956094.0,0,"$ 956,094",0.23187391641166594
3,4,7563.84,99824.47,45,6018337.0,1,$ 0,0.9537782994795696
3,0,4073.77,220.67,453,14355455.0,1,$ 0,0.8220556614362216
3,1,11141.66,50489.4,772,18669703.0,1,$ 0,0.5448609643786319
0,0,4235.82,24992.44,58,6531852.0,1,$ 0,0.9603622813180382
3,0,4523.99,45576.34,19,77298.0,1,$ 0,0.8085191004000722
1,4,7858.33,38800.52,113,13834920.0,1,$ 0,0.9746848561242716
2,2,18343.68,45819.16,799,15359641.0,0,"$ 5,481,469",0.19757559085897086
1,0,15843.31,29232.62,769,12179606.0,1,$ 0,0.23194160040135933
3,0,5994.19,66973.15,263,17666070.0,1,$ 0,0.8331421333487351
0,0,11408.15,80704.06,80,8270401.0,0,"$ 3,115,356",0.7853502316714653
3,2,8238.16,41203.59,384,5994289.0,0,"$ 2,843,544",0.7762479174687819
1,3,9735.04,59939.8,132,2047042.0,1,$ 0,0.9176011471728615
0,4,8210.76,59414.51,360,14450535.0,1,$ 0,0.9867350092413631
1,3,12164.1,58124.29,157,18380733.0,1,$ 0,0.8789391113711175
0,4,9796.79,87891.63,366,8996954.0,1,$ 0,0.9800830778522293
1,3,14948.33,89577.49,409,7540981.0,0,"$ 2,086,864",0.7394150650795169
1,4,12607.25,74226.95,413,17178169.0,1,$ 0,0.9201702371898991
2,0,13233.55,51268.53,495,8407176.0,0,"$ 6,171,483",0.3235035069645776
1,2,20251.9,54707.28,777,15136523.0,0,"$ 11,931,330",0.19442799831895569
0,0,7338.56,41371.23,46,19439614.0,1,$ 0,0.9317998925264447
3,1,5107.5,40409.61,332,3224888.0,1,$ 0,0.8532120637480256
2,1,10560.67,30081.39,724,10763543.0,1,$ 0,0.6296818215678724
1,4,10682.06,64486.54,418,8308121.0,1,$ 0,0.94166810011684
2,4,11327.8,72878.11,457,12945757.0,1,$ 0,0.9005611554712197
2,3,13796.11,65044.61,644,4269264.0,1,$ 0,0.6355875665893098
1,4,17346.81,114467.3,522,7690877.0,1,$ 0,0.7208970233748027
1,1,8500.23,36521.28,81,50736.0,1,$ 0,0.8292125816649324
2,3,9676.21,56573.65,210,533501.0,1,$ 0,0.8579467604116272
3,2,10074.95,42733.88,580,8191293.0,0,"$ 6,144,696",0.6642121413192756
1,4,13732.76,102855.05,16,2904540.0,1,$ 0,0.8761586360003728
0,1,6391.78,33005.77,130,9193183.0,1,$ 0,0.9559537842440492
1,1,8613.02,41197.33,11,18108551.0,1,$ 0,0.8873029473836207
1,4,7213.63,80321.62,3,4656428.0,1,$ 0,0.9826977864539654
3,2,8415.82,0.0,747,3567044.0,0,"$ 2,177,027",0.6715937883087885
0,4,9013.03,79246.83,249,2431240.0,1,$ 0,0.9803189450228355
2,2,6437.59,953.55,220,10527662.0,1,$ 0,0.8956520411655834
2,0,9844.38,57055.72,130,14017682.0,1,$ 0,0.6545093122314107
1,4,12208.91,55508.46,700,15606690.0,1,$ 0,0.9136495455034302
2,0,9779.74,39165.82,311,801132.0,1,$ 0,0.5343099899137395
1,3,17003.35,91439.32,403,5506661.0,0,"$ 4,796,344",0.5733478250722991
3,2,7748.11,55306.4,419,17125971.0,0,"$ 17,125,971",0.8637521056197922
2,3,9714.49,59333.1,143,14091710.0,1,$ 0,0.8975121387045193
3,1,7955.64,50504.46,341,9957211.0,1,$ 0,0.7408805200713589
2,1,11575.51,61735.52,248,16035759.0,1,$ 0,0.6517132226862736
1,3,10312.44,41448.33,445,4456646.0,1,$ 0,0.890329067588754
3,2,10296.07,34877.32,711,1394711.0,0,"$ 1,196,234",0.5865260671494227
3,0,7167.72,59565.99,146,9198970.0,0,"$ 9,198,970",0.7117869837904597
3,2,8205.41,38595.32,573,3215884.0,0,"$ 3,022,627",0.7608974947799447
3,2,6000.52,36804.12,68,23043.0,0,"$ 14,625",0.8600614162535591
0,1,7934.36,58871.95,133,8534816.0,1,$ 0,0.9415998927548898
0,0,9936.58,25976.33,696,2998290.0,1,$ 0,0.7564960480597039
1,4,10933.79,97301.27,76,13472825.0,1,$ 0,0.9589549380609799
2,4,6500.45,38977.69,170,7238860.0,1,$ 0,0.967370841499499
1,3,17019.51,52172.82,774,19110106.0,1,$ 0,0.5659915059115832
0,0,12239.68,58306.8,553,16988522.0,0,"$ 4,953,508",0.7354336117827813
1,4,13763.29,70879.47,619,16477236.0,1,$ 0,0.880187873415788
1,4,12479.97,39847.77,535,10587602.0,1,$ 0,0.8783822537119748
1,3,11361.58,56126.75,159,4256772.0,1,$ 0,0.8661946915195293
0,2,9187.94,18647.38,465,14658098.0,0,"$ 4,467,109",0.9309528323210896
2,2,12108.86,3628.41,712,2751296.0,0,"$ 1,075,917",0.5023923008314521
0,0,13231.67,49067.46,780,16498802.0,1,$ 0,0.640260538289235
1,4,13611.06,115462.75,354,7464860.0,1,$ 0,0.9042824269839512
2,4,17749.55,114141.11,732,12636073.0,0,"$ 12,636,073",0.5935479530807004
0,1,10027.57,53416.25,310,16241156.0,1,$ 0,0.9008090777319928
1,3,10672.21,62521.34,174,17076760.0,1,$ 0,0.9247172664495418
3,1,3859.26,61699.93,5,15840956.0,1,$ 0,0.93893784433408
0,3,14488.37,79061.46,741,16583336.0,1,$ 0,0.8698652833719996
1,4,13404.4,70840.6,380,4291847.0,1,$ 0,0.8574820546224707
2,1,10630.74,42073.09,577,5453054.0,1,$ 0,0.6185139658681102
0,3,11162.81,62304.3,595,6303287.0,1,$ 0,0.9317791631012409
1,4,14808.28,82997.34,767,3935249.0,1,$ 0,0.8055326020112131
3,0,9523.38,42605.63,578,3384093.0,1,$ 0,0.4429053975027853
0,1,15681.83,97385.74,722,4400304.0,0,"$ 3,860,158",0.5915478754187088
1,0,14282.96,58813.26,411,16349295.0,0,"$ 16,349,295",0.4358171454150616
1,4,8311.23,92718.04,7,10423719.0,1,$ 0,0.9808024528622322
2,1,16889.51,79372.77,778,10479974.0,0,"$ 2,942,264",0.23438750495979851
0,3,8542.91,69246.32,236,18499763.0,1,$ 0,0.9803503554400846
2,1,15071.39,73559.18,708,12211781.0,0,"$ 12,211,781",0.3622043110019242
2,3,11979.55,71084.23,468,6890202.0,1,$ 0,0.7880118725028614
3,2,10889.92,56689.41,482,7478704.0,0,"$ 5,307,742",0.6265840011756595
2,3,15086.96,98752.0,644,6890951.0,0,"$ 3,094,056",0.6248208926530711
1,4,10231.07,62639.46,219,5453870.0,1,$ 0,0.9449406581039211
1,4,8786.56,61104.87,54,10561880.0,1,$ 0,0.9695800516279086
1,4,9137.28,68536.45,98,2052578.0,1,$ 0,0.9604164841388174
3,3,11154.89,66399.19,752,7025002.0,1,$ 0,0.7307681875511142
2,1,10330.96,30965.02,602,5410779.0,1,$ 0,0.6170018701368442
0,1,10693.55,56119.29,617,4364764.0,1,$ 0,0.8443121305954935
3,2,9358.82,36140.44,305,736097.0,0,"$ 736,097",0.6606918736328277
1,4,14918.49,98587.65,414,3372212.0,1,$ 0,0.8203961203221303
2,0,10167.94,60230.97,81,359921.0,1,$ 0,0.5490786244031648
2,0,12214.1,38976.12,675,1377166.0,1,$ 0,0.3340571460582854
2,4,12989.82,77223.95,613,17653871.0,1,$ 0,0.8576564199297969
1,4,13901.61,107194.17,253,12790332.0,1,$ 0,0.9005748461506915
3,2,6328.85,36385.28,269,7507657.0,1,$ 0,0.8695642503715302
3,2,5907.6,11568.65,239,8269476.0,1,$ 0,0.8604105241406595
2,4,11669.09,85298.09,521,5508893.0,1,$ 0,0.8819996561173519
3,0,8802.75,47564.27,404,10303540.0,1,$ 0,0.5623194296146754
0,0,8562.76,21279.28,455,17824899.0,1,$ 0,0.87579063864792
0,3,9373.49,45968.01,487,4379491.0,1,$ 0,0.9535515830678198
2,3,8939.32,66404.94,177,16967829.0,1,$ 0,0.9298417201928632
3,2,7187.79,39214.41,116,15798386.0,0,"$ 12,312,431",0.863568946436777
1,4,12845.79,90472.46,481,16824939.0,1,$ 0,0.9250538599351971
0,2,11286.23,26327.94,591,4291551.0,0,"$ 3,330,556",0.842528915416101
1,3,9825.26,54940.02,193,6649618.0,1,$ 0,0.9206893772907349
1,4,14792.16,85154.58,706,18224660.0,1,$ 0,0.8611721178051255
3,1,6289.94,33791.49,470,19103515.0,1,$ 0,0.8462747222855592
2,0,8356.21,22375.16,265,3689323.0,1,$ 0,0.6321209594661017
3,2,5081.94,11468.76,329,12295973.0,1,$ 0,0.9012140179444431
2,3,10841.77,56923.55,443,5165218.0,1,$ 0,0.8208386659017199
1,4,6714.76,41767.89,172,6247806.0,1,$ 0,0.9796899931200034
3,2,5336.07,6033.43,540,6703748.0,1,$ 0,0.8724817908681438
1,4,17436.29,129236.45,134,16845067.0,1,$ 0,0.786210227785593
3,1,5194.58,36347.31,226,4697112.0,1,$ 0,0.8491536282168961
2,4,9329.72,78508.9,193,1175324.0,1,$ 0,0.9332840441281223
0,2,7882.93,5106.95,510,6490713.0,1,$ 0,0.9373125832668235
2,4,8857.53,44957.5,397,8126359.0,1,$ 0,0.9344253816422476
1,4,14398.5,93358.01,656,15263690.0,1,$ 0,0.8769220205932464
0,2,12635.2,41437.45,499,10069959.0,0,"$ 2,430,465",0.8191341823910048
3,0,7183.71,22355.54,456,15219901.0,1,$ 0,0.6667731454413955
0,4,10256.05,70835.28,626,4161338.0,1,$ 0,0.9690296901571637
0,3,10004.77,54507.56,503,464606.0,1,$ 0,0.9417996962460589
0,3,10055.41,49334.22,602,8697143.0,1,$ 0,0.949484042504273
1,3,17731.44,66739.67,749,6510139.0,1,$ 0,0.45741118421726584
1,4,11991.94,52743.63,451,16242100.0,1,$ 0,0.9184853578296475
3,3,5315.77,66452.29,55,1746155.0,1,$ 0,0.9467187486515953
1,1,12001.53,35548.27,592,18745094.0,1,$ 0,0.7016224944522568
1,1,12685.15,43529.52,571,6680643.0,1,$ 0,0.5933708454703683
1,4,11452.13,83989.65,159,2773144.0,1,$ 0,0.9281465900493295
0,0,6075.12,6935.2,206,11529138.0,1,$ 0,0.9245390632812134
3,0,4636.32,24724.02,262,15416217.0,1,$ 0,0.8324690223692506
1,3,13214.7,75548.62,285,15995384.0,1,$ 0,0.8491401486355808
0,2,10587.37,24356.93,599,4833843.0,0,"$ 3,631,469",0.8714977555238156
1,3,12501.72,59087.58,408,2893851.0,1,$ 0,0.8127072377035259
3,3,3659.24,39019.31,75,756644.0,1,$ 0,0.9591179224209603
1,1,13537.96,47454.24,640,13705734.0,1,$ 0,0.5761937667835907
1,4,12077.59,118664.79,114,433510.0,1,$ 0,0.9322023456146504
2,0,13295.79,54318.32,604,4160400.0,0,"$ 3,234,329",0.3014000060509257
0,3,9346.37,80744.48,167,2280306.0,1,$ 0,0.9649642625044191
3,2,2714.6,0.0,376,9322922.0,1,$ 0,0.9447929476737569
3,2,6126.91,44284.24,69,11940831.0,1,$ 0,0.8966410033932015
3,2,3003.53,7255.13,68,16098501.0,1,$ 0,0.9520242627426421
2,1,14659.33,93726.84,523,3866977.0,0,"$ 1,243,029",0.39023007705588153
3,2,5738.41,42900.52,286,6957259.0,1,$ 0,0.8957973877703169
2,0,10576.15,52702.12,213,14676038.0,1,$ 0,0.5891743942333755
2,4,9894.88,63563.83,411,7563778.0,1,$ 0,0.9217040372285988
0,2,9057.18,23280.36,384,3639480.0,0,"$ 3,639,480",0.9168782808584638
0,1,6908.78,70496.59,20,15649531.0,1,$ 0,0.9688436491391536
1,3,12859.23,59753.02,511,3826992.0,1,$ 0,0.7983149033189946
2,2,9229.37,2721.5,465,10736965.0,1,$ 0,0.7698301945138966
3,2,7377.05,21385.68,481,7151914.0,1,$ 0,0.7987499736799754
1,3,8891.62,38960.18,253,231246.0,1,$ 0,0.9204758198475936
2,1,11945.51,47454.2,570,8008922.0,1,$ 0,0.5369757121251483
3,0,7681.62,16513.33,667,4065584.0,1,$ 0,0.5425318226943563
0,2,11947.29,46316.04,581,13327416.0,0,"$ 10,532,207",0.8680102555616074
2,1,14761.58,81343.04,529,10004038.0,0,"$ 2,447,338",0.39138366401371033
0,2,7580.12,15963.53,306,16930637.0,1,$ 0,0.9604898186805289
3,0,13641.17,79145.75,654,3770069.0,0,"$ 2,403,706",0.21660237188146378
3,0,8905.15,39192.37,639,1987656.0,1,$ 0,0.4787057696889956
0,1,12992.03,38085.92,790,4831301.0,1,$ 0,0.6749103889017892
3,3,9656.53,64742.38,675,12092233.0,1,$ 0,0.8367988387228756
3,2,10185.66,58384.08,326,1522457.0,0,"$ 530,086",0.6501677754164222
3,2,10161.18,23879.92,615,606129.0,0,"$ 606,129",0.5662531373845191
2,4,11383.67,72373.04,513,16123441.0,1,$ 0,0.9058084889349786
0,2,14460.88,41403.07,790,19898682.0,0,"$ 7,105,184",0.7575729461405234
0,1,12061.23,55402.17,741,16545303.0,1,$ 0,0.822363482029791
1,4,15078.14,57457.41,739,12878379.0,1,$ 0,0.7879150657797088
1,4,9596.93,110347.67,2,11975059.0,1,$ 0,0.9759345959061014
3,2,6171.34,33123.97,110,11419487.0,1,$ 0,0.8830611333455862
0,3,9977.24,60402.11,496,14988875.0,1,$ 0,0.9621325126740073
1,3,9380.04,64999.84,79,9770642.0,1,$ 0,0.9419478989434505
0,2,9783.24,4283.6,684,4580484.0,1,$ 0,0.8796606105419674
1,4,14947.65,107545.73,564,1986406.0,1,$ 0,0.8265821251731988
0,1,9788.48,44741.86,536,19757050.0,1,$ 0,0.9087308319967616
3,2,3189.3,23036.74,440,2878218.0,1,$ 0,0.9389107662644138
1,1,12995.3,44103.67,395,7333488.0,1,$ 0,0.5725028746097548
3,0,12209.97,32120.91,787,6832343.0,1,$ 0,0.2367273329087051
1,4,12313.51,60592.56,442,7515524.0,1,$ 0,0.8963406830924701
2,3,6707.67,65665.45,16,11508073.0,1,$ 0,0.9610116858533903
1,4,7296.44,54933.59,42,4019104.0,1,$ 0,0.9768955772868158
3,4,12893.8,87510.45,748,4588991.0,1,$ 0,0.7362674221207183
2,3,12566.63,103572.81,130,4765019.0,1,$ 0,0.7974981968418624
0,1,9367.73,43742.26,494,3945633.0,1,$ 0,0.8824875314439614
2,4,5133.38,56064.82,56,1367429.0,1,$ 0,0.9796723199126148
3,2,7815.74,42283.15,616,19579860.0,1,$ 0,0.8533935629005445
1,3,11127.46,54995.13,366,3279012.0,1,$ 0,0.8713995165323508
1,1,15915.39,83798.83,275,19064961.0,0,"$ 15,574,953",0.49502771145362784
0,1,6721.27,38301.74,176,17863346.0,1,$ 0,0.9624859062946781
3,2,7731.34,24781.65,676,1649112.0,0,"$ 753,641",0.7586439856545774
2,3,16003.33,76274.62,780,7283878.0,1,$ 0,0.49568544626708655
1,4,11105.76,47103.82,209,18626003.0,1,$ 0,0.9390399588652675
2,2,12991.41,51689.17,327,11112876.0,0,"$ 6,570,380",0.5974564293688089
3,2,6033.05,21828.73,694,14444755.0,0,"$ 5,632,868",0.8852065935243372
2,3,8134.82,48114.75,214,14625445.0,1,$ 0,0.9322235618951001
0,0,5982.22,46462.95,31,10051280.0,1,$ 0,0.9471791200444541
2,0,6814.16,11047.32,138,17308612.0,1,$ 0,0.7896618841989435
0,1,6896.35,27811.91,240,2032706.0,1,$ 0,0.9348206030710328
1,1,10082.66,40709.85,326,2546342.0,1,$ 0,0.7578225228968934
3,2,9204.78,13939.13,357,7999610.0,0,"$ 2,662,892",0.6667410490539518
1,3,9552.39,51357.61,252,19628319.0,1,$ 0,0.9455400006452155
1,4,9252.47,83935.07,5,11686087.0,1,$ 0,0.9721962659714938
3,1,2542.75,37539.73,28,13542991.0,1,$ 0,0.9473815132630703
1,3,16024.91,72041.24,746,5012656.0,1,$ 0,0.6066020020497364
3,1,9621.27,45103.36,727,10004596.0,1,$ 0,0.6045430258021659
3,2,8767.17,23219.57,635,2093792.0,1,$ 0,0.686212621761091
3,2,9622.12,26720.11,595,3469079.0,0,"$ 1,788,299",0.635703868035912
3,1,6455.15,43892.33,431,8504484.0,1,$ 0,0.8126919223725915
1,4,8243.17,50676.05,20,7221127.0,1,$ 0,0.9694949012821628
1,0,14136.13,29046.68,708,12522305.0,1,$ 0,0.35453537598445284
1,1,15605.06,58716.95,650,18373046.0,1,$ 0,0.4564210455513425
1,2,17433.06,37106.61,692,190926.0,0,"$ 140,295",0.2662843477197497
1,3,16329.73,87886.29,641,17195222.0,0,"$ 5,422,957",0.6909205181577182
3,2,7086.7,15082.25,658,19436003.0,1,$ 0,0.8510465833213825
1,4,15423.66,101317.83,379,18179547.0,1,$ 0,0.8534307656378253
1,4,11285.36,71041.35,245,3410352.0,1,$ 0,0.9245866321730105
0,0,16476.31,41048.48,799,19757311.0,0,"$ 7,982,252",0.3681163893788668
1,3,10531.08,72876.73,109,4863319.0,1,$ 0,0.9118115655853903
1,0,12471.61,1100.82,658,6148816.0,1,$ 0,0.3854998139493844
0,4,7566.66,38076.97,552,5959172.0,1,$ 0,0.9836898564094843
1,3,12548.41,70362.56,308,13965759.0,1,$ 0,0.8646218691507019
0,3,10934.49,82943.57,402,8487569.0,1,$ 0,0.9503985308129878
3,0,7070.98,43503.72,493,1893717.0,1,$ 0,0.6431561570287239
3,2,10253.32,48623.91,639,9842059.0,0,"$ 6,733,343",0.6731211659064706
0,3,8420.9,69219.72,103,11415809.0,1,$ 0,0.9773295138864705
3,1,9210.37,51637.32,522,10995810.0,1,$ 0,0.6583094736614113
3,1,6099.92,26242.04,553,18770943.0,1,$ 0,0.844096601816964
1,3,14185.21,63512.12,453,17081357.0,1,$ 0,0.7863561539614362
2,0,12203.12,9431.14,754,14266740.0,1,$ 0,0.3461921743615468
1,4,14656.41,49957.09,783,18140146.0,1,$ 0,0.8211270311358417
3,2,13407.94,60860.2,539,19204159.0,0,"$ 19,204,159",0.4991071659361989
1,3,8891.69,38501.93,235,18580384.0,1,$ 0,0.9492543906460318
0,0,5083.79,7133.25,262,5148584.0,1,$ 0,0.9360125094237796
0,2,11463.13,42578.19,560,2902805.0,0,"$ 1,389,562",0.8505481849308415
1,4,11504.42,55653.36,584,2695771.0,1,$ 0,0.9057347795430518
0,0,10763.65,56220.22,250,12959869.0,0,"$ 5,970,242",0.8029051761795413
3,0,6725.53,58569.04,177,15803575.0,1,$ 0,0.7724413958851083
3,1,3988.73,18154.41,479,10601526.0,1,$ 0,0.893262126081029
2,0,8901.13,24054.58,347,19421326.0,1,$ 0,0.6868065043889909
1,4,12388.32,98411.68,76,7237712.0,1,$ 0,0.9236840795157979
0,1,8701.27,18511.83,731,15780123.0,1,$ 0,0.9099575267392592
0,0,14356.01,85737.72,636,13548948.0,0,"$ 3,624,271",0.615126036576014
3,2,6429.56,33205.51,279,8647176.0,0,"$ 3,774,158",0.865424959027006
3,0,4930.55,18133.08,161,397049.0,1,$ 0,0.7386479676058797
3,2,9085.37,2661.49,681,7585960.0,0,"$ 7,585,960",0.6491508744268607
0,4,14283.0,97037.0,638,727382.0,1,$ 0,0.901625115354548
3,2,10115.1,18793.61,710,9579727.0,0,"$ 3,854,992",0.6154353131629764
0,1,8365.12,41054.55,455,16978992.0,1,$ 0,0.9359011472254067
0,2,11253.98,63490.01,176,14838831.0,0,"$ 14,838,831",0.9113030450529359
3,2,2688.5,0.0,124,6901122.0,0,"$ 5,171,153",0.941755379410856
3,0,8441.2,18723.71,698,6662359.0,1,$ 0,0.49949072352579676
1,0,15904.99,55979.39,673,11283454.0,0,"$ 5,475,600",0.27291581204916104
2,3,6987.42,41332.99,124,11172793.0,1,$ 0,0.9458465644918697
0,1,8739.81,34223.99,549,5137977.0,1,$ 0,0.8977030006996561
2,3,7276.26,44776.75,176,19881937.0,1,$ 0,0.953669579192472
1,1,16102.07,80651.33,203,10350792.0,0,"$ 7,840,542",0.41429093199284295
2,4,11138.51,82885.49,209,15864909.0,1,$ 0,0.9200358786842907
0,3,6942.99,25309.42,462,17752997.0,1,$ 0,0.9822530335157433
3,0,7820.36,39403.1,471,3686619.0,1,$ 0,0.5832935725454573
2,0,12819.67,63279.87,393,11177833.0,0,"$ 11,177,833",0.4004294900355322
0,3,12256.67,61508.44,746,3928786.0,1,$ 0,0.8971487853896539
2,0,6718.95,31615.28,19,5922201.0,1,$ 0,0.7784511725850132
3,3,5711.1,34548.93,534,6319338.0,1,$ 0,0.9276257794630542
1,0,9026.69,21830.48,249,7306079.0,1,$ 0,0.7228805126364365
0,1,10721.02,56579.79,497,8128445.0,1,$ 0,0.8562171076392545
2,4,8446.27,30531.74,581,7101967.0,1,$ 0,0.9328636836153841
0,0,12550.15,76617.4,408,1266022.0,0,"$ 559,645",0.6634376698427064
0,2,7920.04,0.0,529,12061267.0,1,$ 0,0.9420796257538439
3,0,6642.05,39483.51,171,12097225.0,1,$ 0,0.7241775515523732
1,3,12527.59,38434.55,727,3449121.0,1,$ 0,0.7811662975210316
1,4,14244.73,116322.5,268,14053086.0,1,$ 0,0.9009713702970978
0,3,6930.91,36559.14,341,3405852.0,1,$ 0,0.9769928692051655
3,2,9152.84,20306.86,655,12941030.0,1,$ 0,0.7123583442178841
2,3,12598.34,74272.58,440,4669473.0,1,$ 0,0.7448099803878198
3,2,12812.27,70134.46,601,6674777.0,0,"$ 3,170,267",0.49089331937413316
1,4,11962.31,73048.46,185,17954319.0,1,$ 0,0.9355548739095603
3,0,16333.31,78589.65,796,18142381.0,0,"$ 7,751,464",0.13669176246843825
2,0,11814.66,61919.66,365,5158228.0,0,"$ 2,689,720",0.4432221661614669
2,3,14447.28,60876.66,749,3651622.0,1,$ 0,0.5681001548795663
1,4,14033.08,62670.53,397,7971139.0,1,$ 0,0.8311262759586195
0,1,9558.82,40780.53,591,2453177.0,1,$ 0,0.8678565173695312
1,4,9079.59,77383.38,13,12432579.0,1,$ 0,0.9726038652528901
0,1,12402.41,90002.04,344,14387694.0,0,"$ 7,984,212",0.844863719076358
2,0,10700.05,58490.42,174,13297178.0,0,"$ 6,301,002",0.5836777841435453
2,4,10852.29,70046.39,394,8976846.0,1,$ 0,0.9033524471841733
2,1,8656.09,13918.65,619,14195476.0,1,$ 0,0.7542648714209623
3,0,10423.59,35181.44,721,13208714.0,1,$ 0,0.4124718769734484
2,2,15253.62,42315.02,677,3769795.0,0,"$ 3,769,795",0.3379352061620336
1,1,14717.08,76034.79,581,18335651.0,1,$ 0,0.5748892813546553
2,3,11161.61,65070.17,322,19455159.0,1,$ 0,0.8662255650479856
2,0,10809.65,35686.43,515,7608843.0,1,$ 0,0.4819397679283708
3,2,2219.02,20942.15,10,6895775.0,1,$ 0,0.9589434083751253
1,4,14421.87,97329.04,89,16851425.0,1,$ 0,0.8841529879432513
0,0,10110.66,57424.31,163,1495716.0,0,"$ 616,000",0.7923525789665786
2,3,9130.93,65659.07,141,12894872.0,1,$ 0,0.9170319162182703
1,3,11031.37,77727.88,80,528277.0,1,$ 0,0.8904804586309498
1,4,15068.01,79434.74,569,15880408.0,1,$ 0,0.8334484425585352
2,3,12088.51,83829.63,189,8439128.0,1,$ 0,0.8083835791372209
3,1,3309.0,25448.2,49,14150801.0,1,$ 0,0.9256954487701288
2,3,10524.28,60966.75,405,18119045.0,1,$ 0,0.8822301008290636
0,0,5646.73,23522.9,87,6208527.0,1,$ 0,0.9355916484855237
1,4,7160.6,50399.24,39,5874415.0,1,$ 0,0.9780281080218503
0,0,10018.43,46284.42,405,2077073.0,1,$ 0,0.78221333018597
1,4,10392.97,77209.97,51,2501425.0,1,$ 0,0.9453602330374765
0,1,3795.55,47374.68,13,8775873.0,1,$ 0,0.9838007698026175
0,3,5639.05,55674.29,47,4196778.0,1,$ 0,0.9879086529382186
1,3,11431.82,46812.37,162,2585243.0,1,$ 0,0.846522717140531
1,0,14260.25,56680.39,582,11674278.0,0,"$ 6,368,791",0.40287193288441325
3,2,9273.84,5032.25,785,7337035.0,1,$ 0,0.6381946468818204
3,0,5242.24,50432.14,58,1449901.0,1,$ 0,0.7817540588574382
0,3,14628.5,56606.81,798,7381834.0,1,$ 0,0.8002057191480163
1,4,11010.56,86212.45,40,5416801.0,1,$ 0,0.942804064566939
1,3,14829.4,41580.58,338,14473389.0,1,$ 0,0.6887611984338257
2,0,15893.47,74378.27,748,12476910.0,0,"$ 9,108,027",0.21041566230127906
1,3,9767.82,53845.78,245,4276528.0,1,$ 0,0.9167188184025422
3,0,6496.81,23041.19,385,3495505.0,1,$ 0,0.6520649404240845
0,2,9958.55,29414.39,487,16691686.0,1,$ 0,0.9237408693849586
3,2,5958.93,39896.73,171,18371871.0,1,$ 0,0.9126225072030039
3,2,2726.26,0.0,453,16183586.0,0,"$ 14,583,615",0.9533640244908888
0,4,9615.92,82961.46,235,14835169.0,1,$ 0,0.9831010073446923
0,3,8434.75,72079.41,234,13218753.0,1,$ 0,0.9788697840429731
0,3,9981.89,82247.96,220,18552958.0,1,$ 0,0.9718204827504507
3,0,11079.34,65888.09,636,18558713.0,0,"$ 18,558,713",0.46554923251602176
0,3,10752.74,64425.36,506,4012897.0,1,$ 0,0.9379719926040055
2,1,9750.26,25444.7,575,2856375.0,1,$ 0,0.6355306604116845
3,3,6465.22,76674.3,70,2901486.0,1,$ 0,0.9315299280388071
3,0,6979.64,45123.51,104,7445461.0,1,$ 0,0.6857803379411369
2,1,7377.28,25342.07,197,5773350.0,1,$ 0,0.8102119492217764
3,2,10422.99,25810.78,614,17451438.0,0,"$ 15,898,931",0.6547171655612707
2,3,11533.45,55062.51,504,3032041.0,1,$ 0,0.7699794103794633
3,2,6269.93,11214.17,675,13048849.0,0,"$ 12,721,751",0.8604626868911515
1,4,16403.91,81963.96,770,5397803.0,1,$ 0,0.7103172874411771
1,3,14935.73,53428.06,595,18580305.0,1,$ 0,0.727995100626499
0,0,9200.85,50563.9,240,14441849.0,1,$ 0,0.873180550356171
0,0,8670.99,12705.89,714,2205687.0,1,$ 0,0.8054335383875925
0,1,9679.64,43384.43,481,9916631.0,1,$ 0,0.8871791640966107
2,2,13914.32,45043.96,706,16006424.0,0,"$ 12,762,484",0.5353868852801844
1,4,15213.67,94418.51,376,19082564.0,1,$ 0,0.8569815729183479
2,4,7927.64,53789.07,296,4990626.0,1,$ 0,0.951765715388254
3,2,6727.86,2064.17,546,10952216.0,0,"$ 10,952,216",0.8196686553226786
0,0,6585.08,0.0,561,5525476.0,1,$ 0,0.8913662257841085
3,2,7554.46,36184.71,106,13893076.0,0,"$ 11,384,135",0.8372629617319006
2,1,9771.88,34256.03,453,4819146.0,1,$ 0,0.6651211180496219
3,0,10280.28,43455.43,762,11134421.0,1,$ 0,0.4311493319347204
0,2,11064.46,12118.92,745,69963.0,0,"$ 29,037",0.81813587239278
1,4,8578.14,43450.67,167,9253747.0,1,$ 0,0.9653264999952821
3,2,9110.65,36339.73,656,5936130.0,0,"$ 4,489,338",0.7097675247447913
1,1,12460.77,27844.89,734,6697793.0,1,$ 0,0.5751593438127502
3,1,10321.89,74450.41,353,8927502.0,0,"$ 5,892,556",0.608102773274497
3,2,8645.9,48507.14,305,16392893.0,0,"$ 11,366,956",0.8097910890308327
2,3,13474.99,79590.35,593,12170158.0,1,$ 0,0.7347781346901462
0,1,12111.57,83162.3,460,17324964.0,0,"$ 13,029,132",0.8589690197258796
2,3,8442.69,46469.61,293,10828163.0,1,$ 0,0.9167344076729248
1,1,16688.61,75670.89,747,18309150.0,0,"$ 15,938,194",0.4050997508301348
2,4,10861.23,79671.31,626,11739172.0,1,$ 0,0.9169299270068492
2,1,12169.78,70269.27,351,8371237.0,1,$ 0,0.5751727115607438
1,4,11603.53,42941.76,638,5883060.0,1,$ 0,0.8991464414429791
3,3,4146.54,62347.4,16,449108.0,1,$ 0,0.9611171251109338
0,1,9425.02,28747.97,605,5364680.0,1,$ 0,0.8684216815079833
3,2,4880.86,0.0,696,3625392.0,1,$ 0,0.8744880829145103
1,4,10866.2,86695.1,2,18442573.0,1,$ 0,0.9608693609683384
0,2,16026.21,44122.12,780,2567945.0,0,"$ 2,567,945",0.5414094846193817
1,4,10022.54,85391.97,89,6538454.0,1,$ 0,0.959557198553196
2,1,10111.56,21101.96,599,4197643.0,1,$ 0,0.6043708965468141
3,0,1000.0,7055.53,30,7573810.0,1,$ 0,0.9227459688352291
0,2,10984.66,43481.03,548,2068608.0,0,"$ 612,086",0.86891885154898
3,2,6769.14,15029.98,503,13681037.0,1,$ 0,0.8454276567423424
1,3,11997.81,49691.65,579,15271236.0,1,$ 0,0.8673813905450016
1,4,13577.91,59997.97,396,17692768.0,1,$ 0,0.8788735018502267
1,4,8936.9,67720.93,16,4113043.0,1,$ 0,0.9645716747704834
2,1,11793.72,58027.64,388,15438754.0,1,$ 0,0.6223996659310298
1,0,16306.46,47333.68,673,11693996.0,0,"$ 11,693,996",0.2326844918566355
1,3,14570.41,59451.37,732,1304786.0,1,$ 0,0.6715045183155259
1,3,13906.36,59322.49,485,8955449.0,1,$ 0,0.7584245307888894
0,3,5051.71,43564.83,35,17765276.0,1,$ 0,0.9921993606284397
1,3,11758.64,47151.03,462,2838302.0,1,$ 0,0.8329362867634201
3,3,9813.36,81996.09,540,5915345.0,1,$ 0,0.8300424671686488
1,3,16094.7,87622.34,441,4919099.0,0,"$ 2,416,309",0.6358767017763713
1,4,14513.89,92598.73,459,7565349.0,1,$ 0,0.8470116425466936
1,4,16149.01,94397.62,392,656490.0,1,$ 0,0.7270268493697026
1,0,13902.83,50238.81,625,19223005.0,1,$ 0,0.4667064117771034
0,2,9572.62,11853.28,567,5058769.0,1,$ 0,0.8955252171072668
2,3,10875.82,66648.47,269,2223029.0,1,$ 0,0.8215613692494232
2,3,5795.31,74003.14,2,7307851.0,1,$ 0,0.9704540530314474
0,4,2290.1,57914.31,16,18162021.0,1,$ 0,0.9984080474613151
3,2,5968.13,14080.51,721,3412203.0,1,$ 0,0.8452333700644603
3,3,8184.87,77158.22,461,5532883.0,1,$ 0,0.8901047838074722
0,2,6213.28,22065.38,95,15654601.0,1,$ 0,0.9756178223129908
1,4,19449.02,102148.33,721,15660551.0,1,$ 0,0.5772146248197556
3,0,7895.48,57671.72,459,10921771.0,0,"$ 3,686,231",0.6639873172058833
3,3,6217.33,42748.75,451,9925645.0,1,$ 0,0.927623989500074
2,1,8402.56,53009.67,77,16962295.0,1,$ 0,0.8406626601173123
2,2,15398.56,22935.22,798,501388.0,0,"$ 309,290",0.26915617912368967
3,2,8889.41,40973.38,517,8940673.0,0,"$ 8,940,673",0.7492940722010261
0,0,7963.27,48630.46,79,11158039.0,1,$ 0,0.9047520560101485
1,0,14396.17,42119.06,401,3397516.0,1,$ 0,0.3091968833905223
0,0,12133.93,58550.0,643,15252224.0,1,$ 0,0.7342309140728825
2,0,9185.81,22438.49,293,16749500.0,1,$ 0,0.6455938263064808
0,2,10953.66,43282.56,132,1517944.0,0,"$ 496,694",0.8679113645848738
1,4,6959.74,43850.66,95,2362006.0,1,$ 0,0.9760732573101214
2,1,11384.5,45088.72,677,2437380.0,1,$ 0,0.5431092382669521
3,0,11861.25,51158.42,743,6099688.0,1,$ 0,0.2927222420945088
3,2,9044.42,14206.83,662,340554.0,1,$ 0,0.6345071401818416
0,4,9731.77,72552.88,392,9334167.0,1,$ 0,0.9776149998336823
1,4,4987.67,42410.71,11,19764070.0,1,$ 0,0.9921287581670902
0,0,14248.78,61404.24,734,4199776.0,0,"$ 1,384,831",0.5050821194927836
2,0,14672.08,47925.04,731,2093677.0,0,"$ 1,177,980",0.19247131747863538
1,4,9603.51,88933.93,46,2077126.0,1,$ 0,0.9618911100846896
3,2,9089.29,23178.85,719,8992688.0,1,$ 0,0.701264092808293
2,2,19411.91,58321.87,797,13130903.0,0,"$ 13,130,903",0.15349716462425692
2,4,8026.31,46243.36,375,5949512.0,1,$ 0,0.947832004887651
0,1,10821.43,44245.19,669,13698085.0,1,$ 0,0.8552540441561789
0,1,8973.04,37971.37,480,3256269.0,1,$ 0,0.8887294256028698
3,2,6084.18,5966.45,722,498956.0,1,$ 0,0.817676427295685
0,3,3930.15,7491.06,252,3098743.0,1,$ 0,0.9889412506677485
1,4,10236.68,41098.55,159,11144933.0,1,$ 0,0.9415108318624489
1,1,13926.02,43793.14,572,6925067.0,1,$ 0,0.48927243444859203
3,2,2527.69,8320.89,27,4952376.0,1,$ 0,0.9462677860809399
1,4,16264.22,87247.6,616,6448979.0,1,$ 0,0.7357428240041607
3,0,6176.28,48908.61,75,17381493.0,1,$ 0,0.7954806654216446
2,1,9541.87,48044.39,390,13603492.0,1,$ 0,0.7564230062417964
1,4,4905.55,57261.46,16,16888477.0,1,$ 0,0.9928632098449125
1,4,11635.99,68797.51,185,1798798.0,1,$ 0,0.9105031557635165
2,1,11929.28,45098.62,565,18784361.0,1,$ 0,0.6023356160135508
0,1,6197.96,38689.93,173,10093275.0,1,$ 0,0.9617516030092925
0,1,9896.65,65611.74,176,3452181.0,1,$ 0,0.8842012402511154
3,2,10881.81,50006.15,574,1188368.0,0,"$ 651,130",0.5717854803517971
2,4,10642.91,64152.9,627,2114051.0,1,$ 0,0.8879538277283048
2,3,8559.96,64517.47,163,12350409.0,1,$ 0,0.9292378128051846
3,0,7510.91,44023.58,585,10416267.0,1,$ 0,0.6609637481539361
0,2,5900.87,56532.97,3,18928923.0,1,$ 0,0.9855499636040206
3,2,6564.9,2912.77,634,16505289.0,0,"$ 11,786,144",0.8489312388082167
1,3,12019.97,45260.73,563,12286618.0,1,$ 0,0.8516698510382984
1,4,9438.47,27663.83,485,11820901.0,1,$ 0,0.9499413249162358
2,3,10648.98,62302.07,351,4088427.0,1,$ 0,0.8337787172813618
0,2,6596.2,18265.84,86,6735221.0,1,$ 0,0.9638581308770939
3,2,9715.2,41390.13,678,5127627.0,0,"$ 3,165,109",0.6711352821389819
1,3,9595.36,35430.95,464,16194621.0,1,$ 0,0.9304425423543502
2,0,9700.97,67317.52,9,8876752.0,0,"$ 8,644,293",0.6576674073193758
0,1,12482.83,61521.43,655,15783134.0,1,$ 0,0.8062529770520072
1,4,11817.66,77870.48,255,6702030.0,1,$ 0,0.9224553993519264
2,0,10254.94,49454.51,295,7902759.0,1,$ 0,0.565019541371552
3,2,11665.37,61011.83,578,11853052.0,0,"$ 9,033,109",0.6005444736534665
3,2,10923.03,24573.03,766,11396291.0,0,"$ 9,102,925",0.5733647252591412
1,4,6488.51,46055.13,18,14122955.0,1,$ 0,0.9852781355455682
0,1,11924.33,74170.74,434,3491246.0,0,"$ 2,047,816",0.8049491511602654
1,4,13354.0,120174.04,106,15967417.0,1,$ 0,0.9311145353516509
0,3,7097.69,50288.32,234,15202396.0,1,$ 0,0.9842778463133794
3,2,6450.59,14210.01,380,18993799.0,1,$ 0,0.8744511666425308
0,0,10268.3,46347.27,549,6335052.0,1,$ 0,0.7868758966138858
2,0,12505.69,70111.24,308,14694667.0,0,"$ 14,694,667",0.4662037140022673
2,0,10905.61,28057.55,569,18275969.0,1,$ 0,0.5253693635436874
0,3,4177.17,23316.45,72,19689213.0,1,$ 0,0.9933104854082974
1,4,12905.19,106710.28,33,11636029.0,1,$ 0,0.9249762052940786
1,4,14053.97,105488.19,218,13508958.0,1,$ 0,0.8959281132299455
2,4,8725.58,85292.82,43,6455496.0,1,$ 0,0.9548992823484882
0,4,11150.79,76944.5,632,11148951.0,1,$ 0,0.9670110347530345
3,1,16643.73,95406.71,789,6134050.0,0,"$ 5,446,698",0.16587437819807072
2,3,9115.4,60034.09,198,9398853.0,1,$ 0,0.9055760604313315
0,0,9368.24,21193.49,601,5749012.0,1,$ 0,0.795002999516065
3,2,3524.27,0.0,408,2886365.0,1,$ 0,0.9160295593313205
1,0,16517.12,75664.83,633,9253146.0,0,"$ 6,342,935",0.2588173878754168
3,2,12836.13,21790.69,798,7139694.0,0,"$ 5,534,689",0.3759492118049244
1,3,9123.18,30464.35,418,5450259.0,1,$ 0,0.9186437687764925
1,4,17393.52,99951.2,708,496420.0,0,"$ 496,420",0.645928394120354
0,1,16388.32,71679.66,786,2175483.0,0,"$ 2,175,483",0.45370934870367813
2,3,13083.57,106721.19,106,928067.0,0,"$ 285,840",0.75419228956675
2,4,10901.25,72698.89,334,4762637.0,1,$ 0,0.8940152790920329
3,1,8861.25,59081.63,481,2800003.0,1,$ 0,0.6532140311050175
0,2,5639.61,20108.33,16,6045358.0,1,$ 0,0.9737706045965829
3,0,6653.52,20882.34,515,10737409.0,1,$ 0,0.6780528843576078
3,2,5246.03,17264.34,166,15624255.0,1,$ 0,0.9086862170948896
1,4,9297.63,89045.1,50,16636572.0,1,$ 0,0.9763424872889167
3,2,3310.2,9861.32,126,12579904.0,1,$ 0,0.9434695534169979
3,2,8183.3,12658.22,513,10640623.0,1,$ 0,0.7513209749117409
1,4,11504.18,99848.16,269,468739.0,1,$ 0,0.9331771481773155
2,1,13462.46,71165.6,536,8595321.0,1,$ 0,0.46785585586423983
0,0,12925.45,61726.25,693,13441008.0,0,"$ 4,388,045",0.6738749115225184
2,2,14580.13,13277.96,775,13698811.0,0,"$ 8,878,566",0.3865168160442579
2,0,12741.79,54463.1,594,11548546.0,1,$ 0,0.3888374385887603
3,2,12685.38,18003.33,798,15515171.0,0,"$ 14,505,495",0.4327621285170888
0,2,12545.89,67586.24,366,10684036.0,0,"$ 10,684,036",0.8598492538739602
1,2,15954.95,34419.17,780,79580.0,0,"$ 79,580",0.3704660909889305
3,4,8501.52,83605.9,222,2152663.0,1,$ 0,0.9199516801522031
2,4,8214.65,40740.5,631,14118424.0,1,$ 0,0.9524818847753732
1,1,10754.8,37862.42,339,2486425.0,1,$ 0,0.7064919440110491
2,1,15294.69,101207.37,296,11284988.0,0,"$ 11,126,677",0.4016582077653592
3,2,14768.92,37444.03,778,17122630.0,0,"$ 15,783,218",0.31891350097343135
3,2,2967.86,0.0,334,12250624.0,1,$ 0,0.9442314077454217
2,4,11479.94,91626.35,379,15630154.0,1,$ 0,0.9172552858767843
3,1,9094.86,78230.81,160,3988784.0,1,$ 0,0.6834725197425057
2,0,11818.08,46080.48,471,16362238.0,1,$ 0,0.477903979223964
1,4,15063.2,115306.01,342,13714618.0,1,$ 0,0.8705813227485442
1,4,13351.52,117385.74,69,6643372.0,1,$ 0,0.9113950332345195
2,0,14570.63,69619.44,620,16691437.0,0,"$ 14,687,974",0.3099008877184208
2,1,9089.14,67778.23,65,12152351.0,1,$ 0,0.8089988381803213
0,4,7493.45,71558.98,229,7567606.0,1,$ 0,0.9889535257965616
2,4,13231.98,79347.61,565,16533849.0,1,$ 0,0.845929834677203
3,0,5798.97,80126.01,14,18192589.0,0,"$ 5,749,614",0.8602329211278097
2,0,13428.85,69224.76,397,7942608.0,0,"$ 3,884,966",0.3448757197374763
2,1,5645.3,34778.77,16,14579083.0,1,$ 0,0.9149455631958242
3,0,9596.21,50096.01,783,1368770.0,1,$ 0,0.4421067493644604
0,3,11517.73,60288.58,727,10182703.0,1,$ 0,0.9292345682970341
0,2,9456.87,29874.11,440,3923509.0,1,$ 0,0.9117352878393227
2,4,7310.65,32454.68,373,10010633.0,1,$ 0,0.9576775268925294
3,0,7631.59,37447.09,334,3033629.0,1,$ 0,0.5900567804180861
3,0,13235.94,96742.48,445,9571704.0,0,"$ 6,225,243",0.30570346160113376
3,2,13085.02,29737.26,798,1674131.0,0,"$ 670,789",0.34092734762392224
0,2,8112.56,10164.33,367,16652224.0,1,$ 0,0.9499050109379304
2,3,12933.53,79119.5,303,19558881.0,1,$ 0,0.801388316798373
1,4,11755.32,98557.51,34,965016.0,1,$ 0,0.9274540289534081
2,1,12917.83,63455.15,669,11766100.0,1,$ 0,0.5171870634177236
1,4,15795.81,87312.27,733,7676598.0,1,$ 0,0.7720916822552577
3,0,5470.1,38168.24,188,19640470.0,1,$ 0,0.8260271736820801
1,4,13149.41,90187.35,121,16675146.0,1,$ 0,0.9167117702079177
2,0,13495.07,38552.15,734,5308190.0,1,$ 0,0.2623907587462472
3,2,3193.3,0.0,74,12968912.0,1,$ 0,0.9409286003608561
3,1,6803.22,59308.52,67,16155514.0,1,$ 0,0.8452948873622502
0,3,9067.02,60689.41,266,11027697.0,1,$ 0,0.9691386756906899
3,2,10354.22,41387.87,692,8014422.0,0,"$ 8,014,422",0.6383647577001567
3,2,5199.31,4191.37,440,9370482.0,1,$ 0,0.8830916586427778
2,4,9355.38,71094.79,345,10919950.0,1,$ 0,0.9434769812560427
1,0,14312.65,59137.16,535,1456043.0,0,"$ 818,746",0.3412464248476847
2,4,8097.03,60971.8,245,14549360.0,1,$ 0,0.9625426588981396
1,3,14452.75,79205.23,411,19990176.0,1,$ 0,0.8086703623974324
0,4,9113.88,57612.34,657,12993481.0,1,$ 0,0.9809667211895448
3,0,7447.77,24022.3,663,4702501.0,1,$ 0,0.5847381963535674
2,3,13961.86,74044.95,699,13072747.0,1,$ 0,0.6943148818148243
0,0,11453.08,43819.73,624,13098596.0,1,$ 0,0.7407877942265059
1,3,13332.34,63166.49,237,18235351.0,1,$ 0,0.8353550101370347
3,2,7325.43,12669.89,524,13078739.0,1,$ 0,0.8126729545402054
0,1,14084.68,92440.66,404,6739900.0,0,"$ 6,578,093",0.717984264625511
1,1,9594.72,28382.1,316,15550049.0,1,$ 0,0.8222852110947383
0,3,7490.7,39293.11,398,6655663.0,1,$ 0,0.9751057496296662
3,2,2915.82,2466.6,50,4264400.0,1,$ 0,0.9345283271370969
3,1,7528.07,47093.26,405,15668388.0,1,$ 0,0.7885881126015809
2,3,16651.28,69354.02,785,11779215.0,1,$ 0,0.4523769350526925
0,0,9132.42,57860.11,271,18554241.0,1,$ 0,0.8941406560855347
1,4,12330.58,102430.94,12,14579621.0,1,$ 0,0.9397162479768203
3,2,3274.47,0.0,281,2162535.0,1,$ 0,0.921004389485501
3,2,13909.95,68908.52,700,18862522.0,0,"$ 5,823,667",0.47349538355944826
2,1,10054.16,47671.54,490,919101.0,1,$ 0,0.6496945816467228
1,4,17637.09,82924.77,762,19370799.0,1,$ 0,0.7001869222226406
1,4,14544.69,63288.91,703,12719931.0,1,$ 0,0.824936754601179
1,4,12181.57,87054.21,90,16792553.0,1,$ 0,0.9373695258969081
2,3,13152.41,60596.39,673,19183057.0,1,$ 0,0.755773926268878
1,3,13134.61,60825.09,167,13782793.0,1,$ 0,0.8251151685589135
0,3,11996.31,82901.14,531,3047926.0,1,$ 0,0.9199628322287734
2,1,10633.52,67098.06,296,10569011.0,1,$ 0,0.7030063273274595
0,4,7329.71,43674.66,428,17816884.0,1,$ 0,0.9895330962715058
0,2,9642.97,33876.51,446,15951541.0,1,$ 0,0.932622572203142
1,3,15795.86,66356.99,561,4271555.0,1,$ 0,0.6071917391661882
2,0,10858.68,32273.63,563,7495217.0,1,$ 0,0.46866694427149824
1,2,6605.51,0.0,210,2628015.0,1,$ 0,0.9193253214429634
3,2,7214.5,44431.78,165,3270521.0,0,"$ 3,182,726",0.8258922984243814
2,1,9535.16,50077.03,249,7898539.0,1,$ 0,0.731798464452305
1,4,18221.63,97605.44,777,14561063.0,1,$ 0,0.6599854486196682
2,0,8822.84,33324.25,281,885831.0,1,$ 0,0.6019249136058157
1,4,12560.32,51299.27,453,18733449.0,1,$ 0,0.9069236719571938
1,0,14632.36,33324.96,698,9726763.0,0,"$ 2,646,224",0.3094080569833221
2,4,6815.65,55166.6,37,14536574.0,1,$ 0,0.9742014769837679
3,0,10313.84,50735.4,568,7351894.0,1,$ 0,0.4210462971752298
3,2,6009.08,31271.08,330,7888941.0,0,"$ 7,776,276",0.8774046326915974
0,2,11783.71,36534.07,688,16230184.0,0,"$ 16,230,184",0.8722874600939426
1,4,6926.67,64940.71,55,11873775.0,1,$ 0,0.9849101477513647
1,0,11581.3,37049.97,383,14901521.0,1,$ 0,0.6047205974161317
0,3,10535.99,65462.96,575,12190163.0,1,$ 0,0.9533783270759224
2,0,14808.18,62377.78,678,14057072.0,0,"$ 6,332,721",0.2643822665943969
3,2,4432.05,13031.41,581,11800960.0,1,$ 0,0.9198340603721045
1,4,15149.39,85164.33,527,16986712.0,1,$ 0,0.8412260817091511
1,4,11983.74,79229.03,248,5206994.0,1,$ 0,0.9162518185748553
1,4,15063.02,47661.52,634,3395238.0,1,$ 0,0.725111831371611
2,3,13725.9,43571.74,791,931746.0,1,$ 0,0.570077560272353
2,3,11067.92,68389.03,281,17972122.0,1,$ 0,0.8691697938545193
3,0,3097.52,3263.11,238,5370453.0,1,$ 0,0.8401817909428491
3,2,11661.6,35536.75,712,2595635.0,0,"$ 1,131,573",0.4787032402620263
3,0,4700.05,24836.95,309,8988305.0,1,$ 0,0.804209356432182
2,4,9464.55,64893.92,627,5266337.0,1,$ 0,0.9288267973115767
0,0,10172.17,76803.77,97,12944612.0,0,"$ 12,214,812",0.8594255518972265
0,3,10513.31,76722.14,508,12679406.0,1,$ 0,0.9588712595637354
2,1,10082.61,30611.66,466,10197010.0,1,$ 0,0.6648161855080085
1,0,17412.09,65833.64,768,4758370.0,0,"$ 3,087,765",0.17126630741845422
2,1,11918.31,63628.94,524,9654597.0,1,$ 0,0.5890220067203514
1,4,11762.56,51078.38,633,5041157.0,1,$ 0,0.8993920776956531
0,3,12922.34,75536.81,656,5144237.0,1,$ 0,0.8913722080743935
1,4,18675.64,109570.76,554,12286487.0,1,$ 0,0.636911377104418
0,2,12957.77,45321.78,659,9612655.0,0,"$ 6,333,284",0.8062876851189354
0,2,5971.99,6650.49,281,1805089.0,1,$ 0,0.9629106440862243
1,3,11969.79,88718.21,88,18170524.0,1,$ 0,0.9125193469667358
0,0,9304.69,12620.95,724,5018946.0,1,$ 0,0.781531544160278
2,4,12841.93,97237.67,305,18239541.0,1,$ 0,0.8866913483465481
0,3,7731.82,69761.37,128,14804442.0,1,$ 0,0.983657571076925
0,0,13014.32,29090.9,783,18643393.0,1,$ 0,0.6252406493774881
3,2,7846.37,21102.54,646,11225114.0,0,"$ 10,997,130",0.7895018173246624
3,2,2376.67,15769.68,171,3463386.0,0,"$ 2,088,922",0.9505403072477039
3,2,4771.29,14632.18,598,16695321.0,1,$ 0,0.9218483953004972
1,4,12874.82,82048.0,431,5480715.0,1,$ 0,0.8928402296033134
2,2,6063.68,0.0,121,11163791.0,1,$ 0,0.9077151584351819
3,2,14274.81,41255.9,797,6822692.0,0,"$ 6,822,692",0.30533897256350795
2,3,12350.86,60893.01,585,11645819.0,1,$ 0,0.7703907511312765
0,4,4843.93,65106.75,34,7408765.0,1,$ 0,0.9952427449004276
3,2,7476.2,35577.22,507,522816.0,0,"$ 324,874",0.7873308267624854
1,3,13832.98,64069.16,165,4881475.0,1,$ 0,0.7514267364296467
2,4,12336.73,57369.83,762,6379335.0,1,$ 0,0.8220197359022526
2,2,10040.51,25243.47,308,556891.0,1,$ 0,0.7063961074347009
3,0,7918.94,43442.9,458,9909344.0,1,$ 0,0.6239136382510887
0,2,10420.55,43749.64,267,10658158.0,0,"$ 5,989,439",0.9100573975357891
2,3,12849.23,87786.92,238,16933167.0,0,"$ 5,228,627",0.808403612207421
2,4,12610.61,77152.25,573,3728735.0,1,$ 0,0.826138850904788
2,4,11661.54,68198.56,487,19256069.0,1,$ 0,0.9010282129836935
1,3,10220.7,47265.8,353,5347250.0,1,$ 0,0.9007866034049072
3,2,11757.65,14427.81,727,18073707.0,0,"$ 17,218,105",0.520660048210665
3,2,13159.31,25050.58,792,6832826.0,0,"$ 2,764,893",0.3555326135751773
3,2,8890.48,27407.87,627,9313754.0,1,$ 0,0.725444065238468
1,4,12778.08,97894.48,126,8801246.0,1,$ 0,0.9164479647876271
1,4,11426.22,43856.42,319,15293904.0,1,$ 0,0.9244530421371854
0,0,11580.67,62445.89,435,12446836.0,1,$ 0,0.7632501159539498
3,0,3871.52,36682.93,90,10890555.0,1,$ 0,0.8658882325820542
3,3,5775.57,54761.69,137,15487654.0,1,$ 0,0.9510441914595037
3,0,6385.47,58258.35,128,5747956.0,1,$ 0,0.7447728267991309
2,0,8421.98,29320.19,285,11051952.0,1,$ 0,0.6860086270770962
3,2,7858.35,16312.56,500,4975433.0,1,$ 0,0.7510973830321042
0,0,9586.24,28407.41,469,18988873.0,1,$ 0,0.8454804706584608
0,1,6933.95,52509.46,60,6007505.0,1,$ 0,0.9524354162598051
3,3,10029.76,74155.16,469,14831915.0,1,$ 0,0.8414148479429703
0,0,10946.48,66251.54,316,7431827.0,0,"$ 2,880,474",0.7848917450744164
0,2,8826.21,58766.69,56,6395994.0,0,"$ 4,323,804",0.9478638815283207
0,3,10340.52,86450.25,301,8824692.0,1,$ 0,0.9608837353242041
2,1,13282.86,51799.28,742,14839816.0,1,$ 0,0.4773458189365153
2,4,10505.96,40301.32,725,669924.0,1,$ 0,0.8635715108636588
1,4,12776.87,90683.99,137,15299435.0,1,$ 0,0.9238761897509264
1,4,10688.53,68655.8,184,16113523.0,1,$ 0,0.9536800423171797
3,1,4560.53,56579.61,127,3400440.0,1,$ 0,0.8920441386803046
1,4,13565.83,67964.5,774,2385566.0,1,$ 0,0.8406189089256074
3,2,10473.13,43838.67,662,10826165.0,0,"$ 10,826,165",0.6514117276961251
1,1,8720.63,56044.19,32,4348834.0,1,$ 0,0.859243662002172
3,2,10575.01,12605.3,699,15112913.0,0,"$ 5,874,197",0.5977394317918943
3,0,8320.02,36646.09,686,3086261.0,1,$ 0,0.5304101035994792
1,4,10696.61,70340.96,135,6409494.0,1,$ 0,0.9416872024681626
3,2,11624.37,37720.66,787,1970201.0,0,"$ 1,029,003",0.4833023461764144
3,2,5675.74,0.0,254,10219751.0,1,$ 0,0.8625693233063484
3,2,3203.52,918.54,81,15479323.0,1,$ 0,0.9447986087614807
2,3,14406.36,71677.48,709,12480923.0,1,$ 0,0.6519257126825467
1,3,19500.01,122834.06,375,12826161.0,0,"$ 4,149,855",0.48318109330618925
2,2,11404.7,28405.22,485,17604990.0,1,$ 0,0.708491616745436
0,0,11230.06,49378.96,694,12700821.0,1,$ 0,0.7635160364622727
0,0,12380.77,55417.14,647,15519892.0,0,"$ 4,607,302",0.7123745687579387
2,0,16282.62,57516.27,776,15754789.0,0,"$ 15,754,789",0.17705779635359464
1,3,12034.54,44789.66,238,18181842.0,1,$ 0,0.8689158597564369
2,4,10258.95,83128.92,231,2130065.0,1,$ 0,0.9158543526728947
3,3,2537.41,33689.23,176,5536714.0,1,$ 0,0.9738783472412967
3,2,7215.53,25844.9,345,10614687.0,0,"$ 6,438,343",0.8276146386121734
1,0,14894.0,66110.24,580,14824423.0,0,"$ 6,721,208",0.3924402798339394
1,4,12040.35,80747.64,107,8053754.0,1,$ 0,0.9214324931826887
3,2,13547.55,30893.62,793,6817208.0,0,"$ 4,427,471",0.33800264802181695
1,1,10818.9,31966.02,421,9940017.0,1,$ 0,0.7302032141984851
3,2,6700.09,43162.44,182,19252838.0,0,"$ 11,606,630",0.8951824792600328
1,4,10882.29,63752.02,270,13534680.0,1,$ 0,0.9448972496675924
2,3,7761.19,43380.33,268,10628986.0,1,$ 0,0.9307994064588642
0,1,9178.61,68725.62,90,18033031.0,1,$ 0,0.9368350599188148
1,4,3138.97,47653.17,1,1880614.0,1,$ 0,0.9936708860799148
0,4,9907.46,61763.02,604,18788758.0,1,$ 0,0.9793861168478913
2,0,10742.5,20925.76,555,11257013.0,1,$ 0,0.4756127493864724
0,0,9312.88,50898.67,313,6389244.0,1,$ 0,0.843128070376719
0,2,9333.22,7784.2,596,12384325.0,1,$ 0,0.9156817942100826
1,4,10871.76,45613.81,380,2535829.0,1,$ 0,0.9150783491851976
0,1,5070.16,38995.85,50,3791035.0,1,$ 0,0.969261237796691
2,1,9218.76,69659.66,25,13877117.0,1,$ 0,0.811898643216099
3,0,7817.0,44182.67,407,8259431.0,1,$ 0,0.6235946100021408
1,1,10691.61,53724.43,69,5072281.0,1,$ 0,0.7544959013424586
1,4,13522.82,84206.52,546,19181479.0,1,$ 0,0.9071719527457242
3,2,13388.78,51973.97,739,13021089.0,0,"$ 13,021,089",0.4387471598044709
3,2,9012.77,4030.85,735,12735370.0,0,"$ 12,151,662",0.6879077297335208
