ID,education,city,monthly_income,current_assets,credit_score,Monto,paid_in_full,loss
3822088719,undergraduate,Medellin,11474.07,40530.37,611,"$ 6,599,489",0,$ 0
5431270632,phd,Medellin,16686.98,61403.51,765,"$ 7,466,025",1,"$ 5,606,767"
2919928231,undergraduate,Cali,9928.97,51321.42,542,"$ 13,410,229",0,$ 0
3952534684,undergraduate,Bucaramanga,11331.48,23544.06,619,"$ 17,369,018",1,"$ 9,059,520"
5160944656,phd,Bogota,10146.78,27220.55,654,"$ 2,493,060",0,$ 0
2054618928,master,Barranquilla,8563.07,72856.27,338,"$ 11,903,567",0,$ 0
9787524937,phd,Barranquilla,12371.87,78574.48,214,"$ 15,010,645",0,$ 0
5562415239,phd,Barranquilla,12137.66,96061.5,156,"$ 17,680,918",0,$ 0
7020215010,phd,Barranquilla,9972.67,54087.02,246,"$ 10,638,519",0,$ 0
8172284227,undergraduate,Bucaramanga,12532.51,19581.82,781,"$ 16,284,266",0,$ 0
0324682812,phd,Bogota,17426.47,49153.41,779,"$ 15,630,524",0,$ 0
2684065586,phd,Barranquilla,13613.62,53940.61,243,"$ 9,768,507",0,$ 0
9437407660,school,Bucaramanga,4761.05,13633.23,162,"$ 14,457,617",0,$ 0
7964113056,undergraduate,Cali,9996.83,61710.89,512,"$ 5,673,483",0,$ 0
9658688704,school,Bogota,6342.46,47673.04,524,"$ 520,590",0,$ 0
3977001840,phd,Barranquilla,6040.65,44111.32,33,"$ 13,762,855",0,$ 0
4577417187,master,Barranquilla,13032.41,63140.19,754,"$ 17,016,208",0,$ 0
5315447490,school,Bucaramanga,4986.47,26804.78,85,"$ 6,024,434",1,"$ 4,701,293"
3286515133,school,Cali,10532.59,64264.78,624,"$ 11,459,597",0,$ 0
5963060667,master,Bogota,11758.32,52116.71,580,"$ 2,012,057",0,$ 0
0206648603,undergraduate,Bogota,8104.13,40461.38,548,"$ 3,306,503",0,$ 0
4637228197,school,Bucaramanga,3952.44,13514.6,77,"$ 8,651,348",0,$ 0
2628958247,phd,Barranquilla,10322.78,74727.74,160,"$ 6,132,929",0,$ 0
3171714673,master,Medellin,14112.32,50621.95,720,"$ 915,254",1,"$ 732,456"
2644433264,phd,Barranquilla,16644.28,84106.18,768,"$ 13,133,057",0,$ 0
9599723435,master,Cali,3146.66,3745.63,44,"$ 5,623,023",0,$ 0
7633172157,undergraduate,Cali,11256.37,61246.43,531,"$ 13,595,943",0,$ 0
7966310131,master,Cali,10983.37,52661.63,385,"$ 17,782,862",0,$ 0
0929160174,master,Medellin,13467.36,32554.09,763,"$ 956,094",1,"$ 956,094"
6195903236,school,Barranquilla,7563.84,99824.47,45,"$ 6,018,337",0,$ 0
6200838704,school,Medellin,4073.77,220.67,453,"$ 14,355,455",0,$ 0
7865657597,school,Cali,11141.66,50489.4,772,"$ 18,669,703",0,$ 0
0624681299,undergraduate,Medellin,4235.82,24992.44,58,"$ 6,531,852",0,$ 0
7519482848,school,Medellin,4523.99,45576.34,19,"$ 77,298",0,$ 0
9943995332,phd,Barranquilla,7858.33,38800.52,113,"$ 13,834,920",0,$ 0
1482121619,master,Bucaramanga,18343.68,45819.16,799,"$ 15,359,641",1,"$ 5,481,469"
4308663093,phd,Medellin,15843.31,29232.62,769,"$ 12,179,606",0,$ 0
5875886077,school,Medellin,5994.19,66973.15,263,"$ 17,666,070",0,$ 0
4835634546,undergraduate,Medellin,11408.15,80704.06,80,"$ 8,270,401",1,"$ 3,115,356"
7850420259,school,Bucaramanga,8238.16,41203.59,384,"$ 5,994,289",1,"$ 2,843,544"
8143386811,phd,Bogota,9735.04,59939.8,132,"$ 2,047,042",0,$ 0
1023282924,undergraduate,Barranquilla,8210.76,59414.51,360,"$ 14,450,535",0,$ 0
5512710410,phd,Bogota,12164.1,58124.29,157,"$ 18,380,733",0,$ 0
0110102119,undergraduate,Barranquilla,9796.79,87891.63,366,"$ 8,996,954",0,$ 0
0286392620,phd,Bogota,14948.33,89577.49,409,"$ 7,540,981",1,"$ 2,086,864"
7844465618,phd,Barranquilla,12607.25,74226.95,413,"$ 17,178,169",0,$ 0
3858997666,master,Medellin,13233.55,51268.53,495,"$ 8,407,176",1,"$ 6,171,483"
1887607188,phd,Bucaramanga,20251.9,54707.28,777,"$ 15,136,523",1,"$ 11,931,330"
5286584175,undergraduate,Medellin,7338.56,41371.23,46,"$ 19,439,614",0,$ 0
0279680689,school,Cali,5107.5,40409.61,332,"$ 3,224,888",0,$ 0
0278618558,master,Cali,10560.67,30081.39,724,"$ 10,763,543",0,$ 0
8327415876,phd,Barranquilla,10682.06,64486.54,418,"$ 8,308,121",0,$ 0
8496661653,master,Barranquilla,11327.8,72878.11,457,"$ 12,945,757",0,$ 0
7960466720,master,Bogota,13796.11,65044.61,644,"$ 4,269,264",0,$ 0
8506933508,phd,Barranquilla,17346.81,114467.3,522,"$ 7,690,877",0,$ 0
9723993068,phd,Cali,8500.23,36521.28,81,"$ 50,736",0,$ 0
2169410875,master,Bogota,9676.21,56573.65,210,"$ 533,501",0,$ 0
3653133811,school,Bucaramanga,10074.95,42733.88,580,"$ 8,191,293",1,"$ 6,144,696"
2704049810,phd,Barranquilla,13732.76,102855.05,16,"$ 2,904,540",0,$ 0
1592179453,undergraduate,Cali,6391.78,33005.77,130,"$ 9,193,183",0,$ 0
0635010311,phd,Cali,8613.02,41197.33,11,"$ 18,108,551",0,$ 0
5529337224,phd,Barranquilla,7213.63,80321.62,3,"$ 4,656,428",0,$ 0
9115867568,school,Bucaramanga,8415.82,0,747,"$ 3,567,044",1,"$ 2,177,027"
3068819607,undergraduate,Barranquilla,9013.03,79246.83,249,"$ 2,431,240",0,$ 0
0144480920,master,Bucaramanga,6437.59,953.55,220,"$ 10,527,662",0,$ 0
4187029388,master,Medellin,9844.38,57055.72,130,"$ 14,017,682",0,$ 0
7570261485,phd,Barranquilla,12208.91,55508.46,700,"$ 15,606,690",0,$ 0
7616670118,master,Medellin,9779.74,39165.82,311,"$ 801,132",0,$ 0
1563752855,phd,Bogota,17003.35,91439.32,403,"$ 5,506,661",1,"$ 4,796,344"
2497858982,school,Bucaramanga,7748.11,55306.4,419,"$ 17,125,971",1,"$ 17,125,971"
4213288683,master,Bogota,9714.49,59333.1,143,"$ 14,091,710",0,$ 0
8038345269,school,Cali,7955.64,50504.46,341,"$ 9,957,211",0,$ 0
1723772775,master,Cali,11575.51,61735.52,248,"$ 16,035,759",0,$ 0
8427448123,phd,Bogota,10312.44,41448.33,445,"$ 4,456,646",0,$ 0
1047384377,school,Bucaramanga,10296.07,34877.32,711,"$ 1,394,711",1,"$ 1,196,234"
1050000051,school,Medellin,7167.72,59565.99,146,"$ 9,198,970",1,"$ 9,198,970"
1940357701,school,Bucaramanga,8205.41,38595.32,573,"$ 3,215,884",1,"$ 3,022,627"
4771509753,school,Bucaramanga,6000.52,36804.12,68,"$ 23,043",1,"$ 14,625"
0134040523,undergraduate,Cali,7934.36,58871.95,133,"$ 8,534,816",0,$ 0
9261666234,undergraduate,Medellin,9936.58,25976.33,696,"$ 2,998,290",0,$ 0
6485426492,phd,Barranquilla,10933.79,97301.27,76,"$ 13,472,825",0,$ 0
7811867398,master,Barranquilla,6500.45,38977.69,170,"$ 7,238,860",0,$ 0
1098402988,phd,Bogota,17019.51,52172.82,774,"$ 19,110,106",0,$ 0
9904374334,undergraduate,Medellin,12239.68,58306.8,553,"$ 16,988,522",1,"$ 4,953,508"
6394183224,phd,Barranquilla,13763.29,70879.47,619,"$ 16,477,236",0,$ 0
0755698719,phd,Barranquilla,12479.97,39847.77,535,"$ 10,587,602",0,$ 0
5267209533,phd,Bogota,11361.58,56126.75,159,"$ 4,256,772",0,$ 0
2059095107,undergraduate,Bucaramanga,9187.94,18647.38,465,"$ 14,658,098",1,"$ 4,467,109"
3679339352,master,Bucaramanga,12108.86,3628.41,712,"$ 2,751,296",1,"$ 1,075,917"
0533317905,undergraduate,Medellin,13231.67,49067.46,780,"$ 16,498,802",0,$ 0
0112834135,phd,Barranquilla,13611.06,115462.75,354,"$ 7,464,860",0,$ 0
0073661197,master,Barranquilla,17749.55,114141.11,732,"$ 12,636,073",1,"$ 12,636,073"
8379533707,undergraduate,Cali,10027.57,53416.25,310,"$ 16,241,156",0,$ 0
1164187754,phd,Bogota,10672.21,62521.34,174,"$ 17,076,760",0,$ 0
1699463934,school,Cali,3859.26,61699.93,5,"$ 15,840,956",0,$ 0
9743757235,undergraduate,Bogota,14488.37,79061.46,741,"$ 16,583,336",0,$ 0
8021008586,phd,Barranquilla,13404.4,70840.6,380,"$ 4,291,847",0,$ 0
4513552248,master,Cali,10630.74,42073.09,577,"$ 5,453,054",0,$ 0
5761618480,undergraduate,Bogota,11162.81,62304.3,595,"$ 6,303,287",0,$ 0
8614860982,phd,Barranquilla,14808.28,82997.34,767,"$ 3,935,249",0,$ 0
0856917648,school,Medellin,9523.38,42605.63,578,"$ 3,384,093",0,$ 0
8256974982,undergraduate,Cali,15681.83,97385.74,722,"$ 4,400,304",1,"$ 3,860,158"
6682984028,phd,Medellin,14282.96,58813.26,411,"$ 16,349,295",1,"$ 16,349,295"
9851124464,phd,Barranquilla,8311.23,92718.04,7,"$ 10,423,719",0,$ 0
1119036405,master,Cali,16889.51,79372.77,778,"$ 10,479,974",1,"$ 2,942,264"
6583556369,undergraduate,Bogota,8542.91,69246.32,236,"$ 18,499,763",0,$ 0
3329941136,master,Cali,15071.39,73559.18,708,"$ 12,211,781",1,"$ 12,211,781"
4786343395,master,Bogota,11979.55,71084.23,468,"$ 6,890,202",0,$ 0
0226557934,school,Bucaramanga,10889.92,56689.41,482,"$ 7,478,704",1,"$ 5,307,742"
7566486492,master,Bogota,15086.96,98752,644,"$ 6,890,951",1,"$ 3,094,056"
9625661478,phd,Barranquilla,10231.07,62639.46,219,"$ 5,453,870",0,$ 0
0790520502,phd,Barranquilla,8786.56,61104.87,54,"$ 10,561,880",0,$ 0
0333395307,phd,Barranquilla,9137.28,68536.45,98,"$ 2,052,578",0,$ 0
9341402671,school,Bogota,11154.89,66399.19,752,"$ 7,025,002",0,$ 0
1211170258,master,Cali,10330.96,30965.02,602,"$ 5,410,779",0,$ 0
2984172799,undergraduate,Cali,10693.55,56119.29,617,"$ 4,364,764",0,$ 0
6292612724,school,Bucaramanga,9358.82,36140.44,305,"$ 736,097",1,"$ 736,097"
5432537211,phd,Barranquilla,14918.49,98587.65,414,"$ 3,372,212",0,$ 0
8521601285,master,Medellin,10167.94,60230.97,81,"$ 359,921",0,$ 0
3556928064,master,Medellin,12214.1,38976.12,675,"$ 1,377,166",0,$ 0
2727488133,master,Barranquilla,12989.82,77223.95,613,"$ 17,653,871",0,$ 0
6440666453,phd,Barranquilla,13901.61,107194.17,253,"$ 12,790,332",0,$ 0
3602443976,school,Bucaramanga,6328.85,36385.28,269,"$ 7,507,657",0,$ 0
6469489029,school,Bucaramanga,5907.6,11568.65,239,"$ 8,269,476",0,$ 0
8842145625,master,Barranquilla,11669.09,85298.09,521,"$ 5,508,893",0,$ 0
2245672630,school,Medellin,8802.75,47564.27,404,"$ 10,303,540",0,$ 0
4566269989,undergraduate,Medellin,8562.76,21279.28,455,"$ 17,824,899",0,$ 0
3348378421,undergraduate,Bogota,9373.49,45968.01,487,"$ 4,379,491",0,$ 0
6003433404,master,Bogota,8939.32,66404.94,177,"$ 16,967,829",0,$ 0
8612568073,school,Bucaramanga,7187.79,39214.41,116,"$ 15,798,386",1,"$ 12,312,431"
9707560077,phd,Barranquilla,12845.79,90472.46,481,"$ 16,824,939",0,$ 0
3215174789,undergraduate,Bucaramanga,11286.23,26327.94,591,"$ 4,291,551",1,"$ 3,330,556"
7681040349,phd,Bogota,9825.26,54940.02,193,"$ 6,649,618",0,$ 0
4105875156,phd,Barranquilla,14792.16,85154.58,706,"$ 18,224,660",0,$ 0
5628784224,school,Cali,6289.94,33791.49,470,"$ 19,103,515",0,$ 0
7627925455,master,Medellin,8356.21,22375.16,265,"$ 3,689,323",0,$ 0
0093565522,school,Bucaramanga,5081.94,11468.76,329,"$ 12,295,973",0,$ 0
6101727779,master,Bogota,10841.77,56923.55,443,"$ 5,165,218",0,$ 0
1814836699,phd,Barranquilla,6714.76,41767.89,172,"$ 6,247,806",0,$ 0
1038952459,school,Bucaramanga,5336.07,6033.43,540,"$ 6,703,748",0,$ 0
0718356637,phd,Barranquilla,17436.29,129236.45,134,"$ 16,845,067",0,$ 0
3626579420,school,Cali,5194.58,36347.31,226,"$ 4,697,112",0,$ 0
8571883262,master,Barranquilla,9329.72,78508.9,193,"$ 1,175,324",0,$ 0
1988368111,undergraduate,Bucaramanga,7882.93,5106.95,510,"$ 6,490,713",0,$ 0
0156552301,master,Barranquilla,8857.53,44957.5,397,"$ 8,126,359",0,$ 0
7768272086,phd,Barranquilla,14398.5,93358.01,656,"$ 15,263,690",0,$ 0
9009214673,undergraduate,Bucaramanga,12635.2,41437.45,499,"$ 10,069,959",1,"$ 2,430,465"
3217911046,school,Medellin,7183.71,22355.54,456,"$ 15,219,901",0,$ 0
8533741153,undergraduate,Barranquilla,10256.05,70835.28,626,"$ 4,161,338",0,$ 0
7699479501,undergraduate,Bogota,10004.77,54507.56,503,"$ 464,606",0,$ 0
9172859002,undergraduate,Bogota,10055.41,49334.22,602,"$ 8,697,143",0,$ 0
4333016667,phd,Bogota,17731.44,66739.67,749,"$ 6,510,139",0,$ 0
1186513856,phd,Barranquilla,11991.94,52743.63,451,"$ 16,242,100",0,$ 0
3409624939,school,Bogota,5315.77,66452.29,55,"$ 1,746,155",0,$ 0
6373479753,phd,Cali,12001.53,35548.27,592,"$ 18,745,094",0,$ 0
0764828679,phd,Cali,12685.15,43529.52,571,"$ 6,680,643",0,$ 0
6352501799,phd,Barranquilla,11452.13,83989.65,159,"$ 2,773,144",0,$ 0
0896214955,undergraduate,Medellin,6075.12,6935.2,206,"$ 11,529,138",0,$ 0
6588084763,school,Medellin,4636.32,24724.02,262,"$ 15,416,217",0,$ 0
2871733636,phd,Bogota,13214.7,75548.62,285,"$ 15,995,384",0,$ 0
1329682007,undergraduate,Bucaramanga,10587.37,24356.93,599,"$ 4,833,843",1,"$ 3,631,469"
4752688523,phd,Bogota,12501.72,59087.58,408,"$ 2,893,851",0,$ 0
9582657856,school,Bogota,3659.24,39019.31,75,"$ 756,644",0,$ 0
9736485994,phd,Cali,13537.96,47454.24,640,"$ 13,705,734",0,$ 0
7884228433,phd,Barranquilla,12077.59,118664.79,114,"$ 433,510",0,$ 0
5455307634,master,Medellin,13295.79,54318.32,604,"$ 4,160,400",1,"$ 3,234,329"
8014488992,undergraduate,Bogota,9346.37,80744.48,167,"$ 2,280,306",0,$ 0
9199182299,school,Bucaramanga,2714.6,0,376,"$ 9,322,922",0,$ 0
5106000830,school,Bucaramanga,6126.91,44284.24,69,"$ 11,940,831",0,$ 0
7960028317,school,Bucaramanga,3003.53,7255.13,68,"$ 16,098,501",0,$ 0
8903739861,master,Cali,14659.33,93726.84,523,"$ 3,866,977",1,"$ 1,243,029"
6111657739,school,Bucaramanga,5738.41,42900.52,286,"$ 6,957,259",0,$ 0
0309876565,master,Medellin,10576.15,52702.12,213,"$ 14,676,038",0,$ 0
6309110669,master,Barranquilla,9894.88,63563.83,411,"$ 7,563,778",0,$ 0
2268531468,undergraduate,Bucaramanga,9057.18,23280.36,384,"$ 3,639,480",1,"$ 3,639,480"
5795098351,undergraduate,Cali,6908.78,70496.59,20,"$ 15,649,531",0,$ 0
8219920712,phd,Bogota,12859.23,59753.02,511,"$ 3,826,992",0,$ 0
8185318276,master,Bucaramanga,9229.37,2721.5,465,"$ 10,736,965",0,$ 0
4816708592,school,Bucaramanga,7377.05,21385.68,481,"$ 7,151,914",0,$ 0
9894862509,phd,Bogota,8891.62,38960.18,253,"$ 231,246",0,$ 0
9826945046,master,Cali,11945.51,47454.2,570,"$ 8,008,922",0,$ 0
1214867919,school,Medellin,7681.62,16513.33,667,"$ 4,065,584",0,$ 0
8699692503,undergraduate,Bucaramanga,11947.29,46316.04,581,"$ 13,327,416",1,"$ 10,532,207"
1549976104,master,Cali,14761.58,81343.04,529,"$ 10,004,038",1,"$ 2,447,338"
2362014534,undergraduate,Bucaramanga,7580.12,15963.53,306,"$ 16,930,637",0,$ 0
3971256024,school,Medellin,13641.17,79145.75,654,"$ 3,770,069",1,"$ 2,403,706"
6863962893,school,Medellin,8905.15,39192.37,639,"$ 1,987,656",0,$ 0
7445670225,undergraduate,Cali,12992.03,38085.92,790,"$ 4,831,301",0,$ 0
5584489116,school,Bogota,9656.53,64742.38,675,"$ 12,092,233",0,$ 0
7690622965,school,Bucaramanga,10185.66,58384.08,326,"$ 1,522,457",1,"$ 530,086"
8570410298,school,Bucaramanga,10161.18,23879.92,615,"$ 606,129",1,"$ 606,129"
0830637072,master,Barranquilla,11383.67,72373.04,513,"$ 16,123,441",0,$ 0
0925315169,undergraduate,Bucaramanga,14460.88,41403.07,790,"$ 19,898,682",1,"$ 7,105,184"
2436904041,undergraduate,Cali,12061.23,55402.17,741,"$ 16,545,303",0,$ 0
0644844486,phd,Barranquilla,15078.14,57457.41,739,"$ 12,878,379",0,$ 0
7844845997,phd,Barranquilla,9596.93,110347.67,2,"$ 11,975,059",0,$ 0
0716514176,school,Bucaramanga,6171.34,33123.97,110,"$ 11,419,487",0,$ 0
3000705664,undergraduate,Bogota,9977.24,60402.11,496,"$ 14,988,875",0,$ 0
4435757328,phd,Bogota,9380.04,64999.84,79,"$ 9,770,642",0,$ 0
5913751860,undergraduate,Bucaramanga,9783.24,4283.6,684,"$ 4,580,484",0,$ 0
2333246602,phd,Barranquilla,14947.65,107545.73,564,"$ 1,986,406",0,$ 0
6880222139,undergraduate,Cali,9788.48,44741.86,536,"$ 19,757,050",0,$ 0
1550412306,school,Bucaramanga,3189.3,23036.74,440,"$ 2,878,218",0,$ 0
3084588178,phd,Cali,12995.3,44103.67,395,"$ 7,333,488",0,$ 0
9005178725,school,Medellin,12209.97,32120.91,787,"$ 6,832,343",0,$ 0
0467751155,phd,Barranquilla,12313.51,60592.56,442,"$ 7,515,524",0,$ 0
0345399362,master,Bogota,6707.67,65665.45,16,"$ 11,508,073",0,$ 0
2971640703,phd,Barranquilla,7296.44,54933.59,42,"$ 4,019,104",0,$ 0
7578156760,school,Barranquilla,12893.8,87510.45,748,"$ 4,588,991",0,$ 0
8141475790,master,Bogota,12566.63,103572.81,130,"$ 4,765,019",0,$ 0
2328783476,undergraduate,Cali,9367.73,43742.26,494,"$ 3,945,633",0,$ 0
2547193919,master,Barranquilla,5133.38,56064.82,56,"$ 1,367,429",0,$ 0
6245872926,school,Bucaramanga,7815.74,42283.15,616,"$ 19,579,860",0,$ 0
0973343825,phd,Bogota,11127.46,54995.13,366,"$ 3,279,012",0,$ 0
2159471540,phd,Cali,15915.39,83798.83,275,"$ 19,064,961",1,"$ 15,574,953"
6641043623,undergraduate,Cali,6721.27,38301.74,176,"$ 17,863,346",0,$ 0
2372247316,school,Bucaramanga,7731.34,24781.65,676,"$ 1,649,112",1,"$ 753,641"
1780163179,master,Bogota,16003.33,76274.62,780,"$ 7,283,878",0,$ 0
2605772842,phd,Barranquilla,11105.76,47103.82,209,"$ 18,626,003",0,$ 0
2314231297,master,Bucaramanga,12991.41,51689.17,327,"$ 11,112,876",1,"$ 6,570,380"
3386763171,school,Bucaramanga,6033.05,21828.73,694,"$ 14,444,755",1,"$ 5,632,868"
7875304142,master,Bogota,8134.82,48114.75,214,"$ 14,625,445",0,$ 0
7370864882,undergraduate,Medellin,5982.22,46462.95,31,"$ 10,051,280",0,$ 0
8503882460,master,Medellin,6814.16,11047.32,138,"$ 17,308,612",0,$ 0
2784994995,undergraduate,Cali,6896.35,27811.91,240,"$ 2,032,706",0,$ 0
3228911156,phd,Cali,10082.66,40709.85,326,"$ 2,546,342",0,$ 0
7079163275,school,Bucaramanga,9204.78,13939.13,357,"$ 7,999,610",1,"$ 2,662,892"
2360040628,phd,Bogota,9552.39,51357.61,252,"$ 19,628,319",0,$ 0
3628503131,phd,Barranquilla,9252.47,83935.07,5,"$ 11,686,087",0,$ 0
9061403879,school,Cali,2542.75,37539.73,28,"$ 13,542,991",0,$ 0
2805590169,phd,Bogota,16024.91,72041.24,746,"$ 5,012,656",0,$ 0
0134877437,school,Cali,9621.27,45103.36,727,"$ 10,004,596",0,$ 0
8576112160,school,Bucaramanga,8767.17,23219.57,635,"$ 2,093,792",0,$ 0
9001050742,school,Bucaramanga,9622.12,26720.11,595,"$ 3,469,079",1,"$ 1,788,299"
3248365841,school,Cali,6455.15,43892.33,431,"$ 8,504,484",0,$ 0
3803158343,phd,Barranquilla,8243.17,50676.05,20,"$ 7,221,127",0,$ 0
4701219536,phd,Medellin,14136.13,29046.68,708,"$ 12,522,305",0,$ 0
2637572902,phd,Cali,15605.06,58716.95,650,"$ 18,373,046",0,$ 0
1825927241,phd,Bucaramanga,17433.06,37106.61,692,"$ 190,926",1,"$ 140,295"
6171048759,phd,Bogota,16329.73,87886.29,641,"$ 17,195,222",1,"$ 5,422,957"
5842905336,school,Bucaramanga,7086.7,15082.25,658,"$ 19,436,003",0,$ 0
2769917690,phd,Barranquilla,15423.66,101317.83,379,"$ 18,179,547",0,$ 0
9622236866,phd,Barranquilla,11285.36,71041.35,245,"$ 3,410,352",0,$ 0
7784827913,undergraduate,Medellin,16476.31,41048.48,799,"$ 19,757,311",1,"$ 7,982,252"
1258924065,phd,Bogota,10531.08,72876.73,109,"$ 4,863,319",0,$ 0
3421846097,phd,Medellin,12471.61,1100.82,658,"$ 6,148,816",0,$ 0
0478361155,undergraduate,Barranquilla,7566.66,38076.97,552,"$ 5,959,172",0,$ 0
1430123332,phd,Bogota,12548.41,70362.56,308,"$ 13,965,759",0,$ 0
0935022526,undergraduate,Bogota,10934.49,82943.57,402,"$ 8,487,569",0,$ 0
0354725814,school,Medellin,7070.98,43503.72,493,"$ 1,893,717",0,$ 0
3602315492,school,Bucaramanga,10253.32,48623.91,639,"$ 9,842,059",1,"$ 6,733,343"
3367109738,undergraduate,Bogota,8420.9,69219.72,103,"$ 11,415,809",0,$ 0
8676485630,school,Cali,9210.37,51637.32,522,"$ 10,995,810",0,$ 0
2028248021,school,Cali,6099.92,26242.04,553,"$ 18,770,943",0,$ 0
6058092076,phd,Bogota,14185.21,63512.12,453,"$ 17,081,357",0,$ 0
8146309814,master,Medellin,12203.12,9431.14,754,"$ 14,266,740",0,$ 0
6134953121,phd,Barranquilla,14656.41,49957.09,783,"$ 18,140,146",0,$ 0
5575344156,school,Bucaramanga,13407.94,60860.2,539,"$ 19,204,159",1,"$ 19,204,159"
6798846780,phd,Bogota,8891.69,38501.93,235,"$ 18,580,384",0,$ 0
4630079629,undergraduate,Medellin,5083.79,7133.25,262,"$ 5,148,584",0,$ 0
1275850077,undergraduate,Bucaramanga,11463.13,42578.19,560,"$ 2,902,805",1,"$ 1,389,562"
0678320926,phd,Barranquilla,11504.42,55653.36,584,"$ 2,695,771",0,$ 0
6890429513,undergraduate,Medellin,10763.65,56220.22,250,"$ 12,959,869",1,"$ 5,970,242"
3292269120,school,Medellin,6725.53,58569.04,177,"$ 15,803,575",0,$ 0
8079179245,school,Cali,3988.73,18154.41,479,"$ 10,601,526",0,$ 0
1901456854,master,Medellin,8901.13,24054.58,347,"$ 19,421,326",0,$ 0
6256470757,phd,Barranquilla,12388.32,98411.68,76,"$ 7,237,712",0,$ 0
2338278725,undergraduate,Cali,8701.27,18511.83,731,"$ 15,780,123",0,$ 0
8209925218,undergraduate,Medellin,14356.01,85737.72,636,"$ 13,548,948",1,"$ 3,624,271"
0019911658,school,Bucaramanga,6429.56,33205.51,279,"$ 8,647,176",1,"$ 3,774,158"
7376964648,school,Medellin,4930.55,18133.08,161,"$ 397,049",0,$ 0
6329695649,school,Bucaramanga,9085.37,2661.49,681,"$ 7,585,960",1,"$ 7,585,960"
0631040180,undergraduate,Barranquilla,14283,97037,638,"$ 727,382",0,$ 0
9017804638,school,Bucaramanga,10115.1,18793.61,710,"$ 9,579,727",1,"$ 3,854,992"
2953672445,undergraduate,Cali,8365.12,41054.55,455,"$ 16,978,992",0,$ 0
3787425114,undergraduate,Bucaramanga,11253.98,63490.01,176,"$ 14,838,831",1,"$ 14,838,831"
2003905890,school,Bucaramanga,2688.5,0,124,"$ 6,901,122",1,"$ 5,171,153"
4533041098,school,Medellin,8441.2,18723.71,698,"$ 6,662,359",0,$ 0
0799866425,phd,Medellin,15904.99,55979.39,673,"$ 11,283,454",1,"$ 5,475,600"
1208889369,master,Bogota,6987.42,41332.99,124,"$ 11,172,793",0,$ 0
1414372106,undergraduate,Cali,8739.81,34223.99,549,"$ 5,137,977",0,$ 0
0736475580,master,Bogota,7276.26,44776.75,176,"$ 19,881,937",0,$ 0
5618001658,phd,Cali,16102.07,80651.33,203,"$ 10,350,792",1,"$ 7,840,542"
2888030897,master,Barranquilla,11138.51,82885.49,209,"$ 15,864,909",0,$ 0
5479143070,undergraduate,Bogota,6942.99,25309.42,462,"$ 17,752,997",0,$ 0
8575550093,school,Medellin,7820.36,39403.1,471,"$ 3,686,619",0,$ 0
6541796572,master,Medellin,12819.67,63279.87,393,"$ 11,177,833",1,"$ 11,177,833"
9004493131,undergraduate,Bogota,12256.67,61508.44,746,"$ 3,928,786",0,$ 0
4684028247,master,Medellin,6718.95,31615.28,19,"$ 5,922,201",0,$ 0
7045899456,school,Bogota,5711.1,34548.93,534,"$ 6,319,338",0,$ 0
5630263353,phd,Medellin,9026.69,21830.48,249,"$ 7,306,079",0,$ 0
5199302925,undergraduate,Cali,10721.02,56579.79,497,"$ 8,128,445",0,$ 0
2619227745,master,Barranquilla,8446.27,30531.74,581,"$ 7,101,967",0,$ 0
0585680983,undergraduate,Medellin,12550.15,76617.4,408,"$ 1,266,022",1,"$ 559,645"
2619673522,undergraduate,Bucaramanga,7920.04,0,529,"$ 12,061,267",0,$ 0
2563561604,school,Medellin,6642.05,39483.51,171,"$ 12,097,225",0,$ 0
9659375856,phd,Bogota,12527.59,38434.55,727,"$ 3,449,121",0,$ 0
3696136292,phd,Barranquilla,14244.73,116322.5,268,"$ 14,053,086",0,$ 0
4771463254,undergraduate,Bogota,6930.91,36559.14,341,"$ 3,405,852",0,$ 0
6938167791,school,Bucaramanga,9152.84,20306.86,655,"$ 12,941,030",0,$ 0
3675041357,master,Bogota,12598.34,74272.58,440,"$ 4,669,473",0,$ 0
1473725423,school,Bucaramanga,12812.27,70134.46,601,"$ 6,674,777",1,"$ 3,170,267"
1787696835,phd,Barranquilla,11962.31,73048.46,185,"$ 17,954,319",0,$ 0
9384647422,school,Medellin,16333.31,78589.65,796,"$ 18,142,381",1,"$ 7,751,464"
4413146580,master,Medellin,11814.66,61919.66,365,"$ 5,158,228",1,"$ 2,689,720"
6283290470,master,Bogota,14447.28,60876.66,749,"$ 3,651,622",0,$ 0
7885064995,phd,Barranquilla,14033.08,62670.53,397,"$ 7,971,139",0,$ 0
5418651902,undergraduate,Cali,9558.82,40780.53,591,"$ 2,453,177",0,$ 0
4485760492,phd,Barranquilla,9079.59,77383.38,13,"$ 12,432,579",0,$ 0
7238619723,undergraduate,Cali,12402.41,90002.04,344,"$ 14,387,694",1,"$ 7,984,212"
1534565082,master,Medellin,10700.05,58490.42,174,"$ 13,297,178",1,"$ 6,301,002"
6020398726,master,Barranquilla,10852.29,70046.39,394,"$ 8,976,846",0,$ 0
9386908125,master,Cali,8656.09,13918.65,619,"$ 14,195,476",0,$ 0
4846312943,school,Medellin,10423.59,35181.44,721,"$ 13,208,714",0,$ 0
1612467609,master,Bucaramanga,15253.62,42315.02,677,"$ 3,769,795",1,"$ 3,769,795"
6544651502,phd,Cali,14717.08,76034.79,581,"$ 18,335,651",0,$ 0
8338260482,master,Bogota,11161.61,65070.17,322,"$ 19,455,159",0,$ 0
9020994037,master,Medellin,10809.65,35686.43,515,"$ 7,608,843",0,$ 0
4073898450,school,Bucaramanga,2219.02,20942.15,10,"$ 6,895,775",0,$ 0
9112182579,phd,Barranquilla,14421.87,97329.04,89,"$ 16,851,425",0,$ 0
9781175762,undergraduate,Medellin,10110.66,57424.31,163,"$ 1,495,716",1,"$ 616,000"
3455970144,master,Bogota,9130.93,65659.07,141,"$ 12,894,872",0,$ 0
0849629679,phd,Bogota,11031.37,77727.88,80,"$ 528,277",0,$ 0
0334196458,phd,Barranquilla,15068.01,79434.74,569,"$ 15,880,408",0,$ 0
7712724486,master,Bogota,12088.51,83829.63,189,"$ 8,439,128",0,$ 0
2813851943,school,Cali,3309,25448.2,49,"$ 14,150,801",0,$ 0
6786002669,master,Bogota,10524.28,60966.75,405,"$ 18,119,045",0,$ 0
4172182449,undergraduate,Medellin,5646.73,23522.9,87,"$ 6,208,527",0,$ 0
9250673808,phd,Barranquilla,7160.6,50399.24,39,"$ 5,874,415",0,$ 0
1734613894,undergraduate,Medellin,10018.43,46284.42,405,"$ 2,077,073",0,$ 0
0405105698,phd,Barranquilla,10392.97,77209.97,51,"$ 2,501,425",0,$ 0
6493297011,undergraduate,Cali,3795.55,47374.68,13,"$ 8,775,873",0,$ 0
6851883428,undergraduate,Bogota,5639.05,55674.29,47,"$ 4,196,778",0,$ 0
8815522705,phd,Bogota,11431.82,46812.37,162,"$ 2,585,243",0,$ 0
3117438384,phd,Medellin,14260.25,56680.39,582,"$ 11,674,278",1,"$ 6,368,791"
1601245835,school,Bucaramanga,9273.84,5032.25,785,"$ 7,337,035",0,$ 0
3409292382,school,Medellin,5242.24,50432.14,58,"$ 1,449,901",0,$ 0
2524638839,undergraduate,Bogota,14628.5,56606.81,798,"$ 7,381,834",0,$ 0
3107092817,phd,Barranquilla,11010.56,86212.45,40,"$ 5,416,801",0,$ 0
0542200962,phd,Bogota,14829.4,41580.58,338,"$ 14,473,389",0,$ 0
2294542928,master,Medellin,15893.47,74378.27,748,"$ 12,476,910",1,"$ 9,108,027"
1114932940,phd,Bogota,9767.82,53845.78,245,"$ 4,276,528",0,$ 0
1280438917,school,Medellin,6496.81,23041.19,385,"$ 3,495,505",0,$ 0
3298032267,undergraduate,Bucaramanga,9958.55,29414.39,487,"$ 16,691,686",0,$ 0
9067462126,school,Bucaramanga,5958.93,39896.73,171,"$ 18,371,871",0,$ 0
3633511248,school,Bucaramanga,2726.26,0,453,"$ 16,183,586",1,"$ 14,583,615"
8187698215,undergraduate,Barranquilla,9615.92,82961.46,235,"$ 14,835,169",0,$ 0
6339605820,undergraduate,Bogota,8434.75,72079.41,234,"$ 13,218,753",0,$ 0
8187724302,undergraduate,Bogota,9981.89,82247.96,220,"$ 18,552,958",0,$ 0
1656054732,school,Medellin,11079.34,65888.09,636,"$ 18,558,713",1,"$ 18,558,713"
0008020931,undergraduate,Bogota,10752.74,64425.36,506,"$ 4,012,897",0,$ 0
3161925820,master,Cali,9750.26,25444.7,575,"$ 2,856,375",0,$ 0
4205937032,school,Bogota,6465.22,76674.3,70,"$ 2,901,486",0,$ 0
8789785775,school,Medellin,6979.64,45123.51,104,"$ 7,445,461",0,$ 0
7319158798,master,Cali,7377.28,25342.07,197,"$ 5,773,350",0,$ 0
4394568682,school,Bucaramanga,10422.99,25810.78,614,"$ 17,451,438",1,"$ 15,898,931"
5513674991,master,Bogota,11533.45,55062.51,504,"$ 3,032,041",0,$ 0
5738508839,school,Bucaramanga,6269.93,11214.17,675,"$ 13,048,849",1,"$ 12,721,751"
7280788316,phd,Barranquilla,16403.91,81963.96,770,"$ 5,397,803",0,$ 0
0159037736,phd,Bogota,14935.73,53428.06,595,"$ 18,580,305",0,$ 0
8619040301,undergraduate,Medellin,9200.85,50563.9,240,"$ 14,441,849",0,$ 0
1146071007,undergraduate,Medellin,8670.99,12705.89,714,"$ 2,205,687",0,$ 0
9026625351,undergraduate,Cali,9679.64,43384.43,481,"$ 9,916,631",0,$ 0
0583053416,master,Bucaramanga,13914.32,45043.96,706,"$ 16,006,424",1,"$ 12,762,484"
9158551134,phd,Barranquilla,15213.67,94418.51,376,"$ 19,082,564",0,$ 0
0841960636,master,Barranquilla,7927.64,53789.07,296,"$ 4,990,626",0,$ 0
3686777556,school,Bucaramanga,6727.86,2064.17,546,"$ 10,952,216",1,"$ 10,952,216"
6786534525,undergraduate,Medellin,6585.08,0,561,"$ 5,525,476",0,$ 0
1956986350,school,Bucaramanga,7554.46,36184.71,106,"$ 13,893,076",1,"$ 11,384,135"
4812374746,master,Cali,9771.88,34256.03,453,"$ 4,819,146",0,$ 0
3149273065,school,Medellin,10280.28,43455.43,762,"$ 11,134,421",0,$ 0
3293083917,undergraduate,Bucaramanga,11064.46,12118.92,745,"$ 69,963",1,"$ 29,037"
0044670689,phd,Barranquilla,8578.14,43450.67,167,"$ 9,253,747",0,$ 0
8774133618,school,Bucaramanga,9110.65,36339.73,656,"$ 5,936,130",1,"$ 4,489,338"
8762054986,phd,Cali,12460.77,27844.89,734,"$ 6,697,793",0,$ 0
6437868404,school,Cali,10321.89,74450.41,353,"$ 8,927,502",1,"$ 5,892,556"
7134886868,school,Bucaramanga,8645.9,48507.14,305,"$ 16,392,893",1,"$ 11,366,956"
4137990105,master,Bogota,13474.99,79590.35,593,"$ 12,170,158",0,$ 0
4692625031,undergraduate,Cali,12111.57,83162.3,460,"$ 17,324,964",1,"$ 13,029,132"
6346261366,master,Bogota,8442.69,46469.61,293,"$ 10,828,163",0,$ 0
9809360195,phd,Cali,16688.61,75670.89,747,"$ 18,309,150",1,"$ 15,938,194"
1059693764,master,Barranquilla,10861.23,79671.31,626,"$ 11,739,172",0,$ 0
8329398925,master,Cali,12169.78,70269.27,351,"$ 8,371,237",0,$ 0
0171117772,phd,Barranquilla,11603.53,42941.76,638,"$ 5,883,060",0,$ 0
3688887876,school,Bogota,4146.54,62347.4,16,"$ 449,108",0,$ 0
9839277469,undergraduate,Cali,9425.02,28747.97,605,"$ 5,364,680",0,$ 0
3762906591,school,Bucaramanga,4880.86,0,696,"$ 3,625,392",0,$ 0
0281842338,phd,Barranquilla,10866.2,86695.1,2,"$ 18,442,573",0,$ 0
1824680849,undergraduate,Bucaramanga,16026.21,44122.12,780,"$ 2,567,945",1,"$ 2,567,945"
1637286152,phd,Barranquilla,10022.54,85391.97,89,"$ 6,538,454",0,$ 0
3316313793,master,Cali,10111.56,21101.96,599,"$ 4,197,643",0,$ 0
5114472754,school,Medellin,1000,7055.53,30,"$ 7,573,810",0,$ 0
2332975092,undergraduate,Bucaramanga,10984.66,43481.03,548,"$ 2,068,608",1,"$ 612,086"
8157115165,school,Bucaramanga,6769.14,15029.98,503,"$ 13,681,037",0,$ 0
2693797733,phd,Bogota,11997.81,49691.65,579,"$ 15,271,236",0,$ 0
6272552825,phd,Barranquilla,13577.91,59997.97,396,"$ 17,692,768",0,$ 0
3911418833,phd,Barranquilla,8936.9,67720.93,16,"$ 4,113,043",0,$ 0
8883487480,master,Cali,11793.72,58027.64,388,"$ 15,438,754",0,$ 0
8872207914,phd,Medellin,16306.46,47333.68,673,"$ 11,693,996",1,"$ 11,693,996"
9699770049,phd,Bogota,14570.41,59451.37,732,"$ 1,304,786",0,$ 0
3867312873,phd,Bogota,13906.36,59322.49,485,"$ 8,955,449",0,$ 0
9203217400,undergraduate,Bogota,5051.71,43564.83,35,"$ 17,765,276",0,$ 0
8972250505,phd,Bogota,11758.64,47151.03,462,"$ 2,838,302",0,$ 0
6902205426,school,Bogota,9813.36,81996.09,540,"$ 5,915,345",0,$ 0
4548473767,phd,Bogota,16094.7,87622.34,441,"$ 4,919,099",1,"$ 2,416,309"
3400905941,phd,Barranquilla,14513.89,92598.73,459,"$ 7,565,349",0,$ 0
9995100780,phd,Barranquilla,16149.01,94397.62,392,"$ 656,490",0,$ 0
9771406397,phd,Medellin,13902.83,50238.81,625,"$ 19,223,005",0,$ 0
2147800952,undergraduate,Bucaramanga,9572.62,11853.28,567,"$ 5,058,769",0,$ 0
0112284798,master,Bogota,10875.82,66648.47,269,"$ 2,223,029",0,$ 0
2530367065,master,Bogota,5795.31,74003.14,2,"$ 7,307,851",0,$ 0
8123185870,undergraduate,Barranquilla,2290.1,57914.31,16,"$ 18,162,021",0,$ 0
5380147207,school,Bucaramanga,5968.13,14080.51,721,"$ 3,412,203",0,$ 0
7380413089,school,Bogota,8184.87,77158.22,461,"$ 5,532,883",0,$ 0
3969606556,undergraduate,Bucaramanga,6213.28,22065.38,95,"$ 15,654,601",0,$ 0
6787494241,phd,Barranquilla,19449.02,102148.33,721,"$ 15,660,551",0,$ 0
1682046393,school,Medellin,7895.48,57671.72,459,"$ 10,921,771",1,"$ 3,686,231"
9259981376,school,Bogota,6217.33,42748.75,451,"$ 9,925,645",0,$ 0
6585581343,master,Cali,8402.56,53009.67,77,"$ 16,962,295",0,$ 0
8243184218,master,Bucaramanga,15398.56,22935.22,798,"$ 501,388",1,"$ 309,290"
4171651675,school,Bucaramanga,8889.41,40973.38,517,"$ 8,940,673",1,"$ 8,940,673"
8629083382,undergraduate,Medellin,7963.27,48630.46,79,"$ 11,158,039",0,$ 0
3527739609,phd,Medellin,14396.17,42119.06,401,"$ 3,397,516",0,$ 0
6355502774,undergraduate,Medellin,12133.93,58550,643,"$ 15,252,224",0,$ 0
4201866652,master,Medellin,9185.81,22438.49,293,"$ 16,749,500",0,$ 0
5555147013,undergraduate,Bucaramanga,10953.66,43282.56,132,"$ 1,517,944",1,"$ 496,694"
4077302781,phd,Barranquilla,6959.74,43850.66,95,"$ 2,362,006",0,$ 0
7720035875,master,Cali,11384.5,45088.72,677,"$ 2,437,380",0,$ 0
2424610089,school,Medellin,11861.25,51158.42,743,"$ 6,099,688",0,$ 0
4164609268,school,Bucaramanga,9044.42,14206.83,662,"$ 340,554",0,$ 0
6263704879,undergraduate,Barranquilla,9731.77,72552.88,392,"$ 9,334,167",0,$ 0
7479333955,phd,Barranquilla,4987.67,42410.71,11,"$ 19,764,070",0,$ 0
8438275080,undergraduate,Medellin,14248.78,61404.24,734,"$ 4,199,776",1,"$ 1,384,831"
0605071548,master,Medellin,14672.08,47925.04,731,"$ 2,093,677",1,"$ 1,177,980"
5327399285,phd,Barranquilla,9603.51,88933.93,46,"$ 2,077,126",0,$ 0
8287665107,school,Bucaramanga,9089.29,23178.85,719,"$ 8,992,688",0,$ 0
6529189324,master,Bucaramanga,19411.91,58321.87,797,"$ 13,130,903",1,"$ 13,130,903"
3117564697,master,Barranquilla,8026.31,46243.36,375,"$ 5,949,512",0,$ 0
9697121768,undergraduate,Cali,10821.43,44245.19,669,"$ 13,698,085",0,$ 0
2858748677,undergraduate,Cali,8973.04,37971.37,480,"$ 3,256,269",0,$ 0
4713204018,school,Bucaramanga,6084.18,5966.45,722,"$ 498,956",0,$ 0
0788631534,undergraduate,Bogota,3930.15,7491.06,252,"$ 3,098,743",0,$ 0
0659066906,phd,Barranquilla,10236.68,41098.55,159,"$ 11,144,933",0,$ 0
2464667965,phd,Cali,13926.02,43793.14,572,"$ 6,925,067",0,$ 0
2537302890,school,Bucaramanga,2527.69,8320.89,27,"$ 4,952,376",0,$ 0
8467592118,phd,Barranquilla,16264.22,87247.6,616,"$ 6,448,979",0,$ 0
6195246521,school,Medellin,6176.28,48908.61,75,"$ 17,381,493",0,$ 0
5241660210,master,Cali,9541.87,48044.39,390,"$ 13,603,492",0,$ 0
4306994798,phd,Barranquilla,4905.55,57261.46,16,"$ 16,888,477",0,$ 0
6678322360,phd,Barranquilla,11635.99,68797.51,185,"$ 1,798,798",0,$ 0
9978568791,master,Cali,11929.28,45098.62,565,"$ 18,784,361",0,$ 0
8654935606,undergraduate,Cali,6197.96,38689.93,173,"$ 10,093,275",0,$ 0
7334869398,undergraduate,Cali,9896.65,65611.74,176,"$ 3,452,181",0,$ 0
3885636260,school,Bucaramanga,10881.81,50006.15,574,"$ 1,188,368",1,"$ 651,130"
0628870975,master,Barranquilla,10642.91,64152.9,627,"$ 2,114,051",0,$ 0
8574369054,master,Bogota,8559.96,64517.47,163,"$ 12,350,409",0,$ 0
7091799157,school,Medellin,7510.91,44023.58,585,"$ 10,416,267",0,$ 0
7611648521,undergraduate,Bucaramanga,5900.87,56532.97,3,"$ 18,928,923",0,$ 0
1423375837,school,Bucaramanga,6564.9,2912.77,634,"$ 16,505,289",1,"$ 11,786,144"
0684151887,phd,Bogota,12019.97,45260.73,563,"$ 12,286,618",0,$ 0
0105014714,phd,Barranquilla,9438.47,27663.83,485,"$ 11,820,901",0,$ 0
2804195613,master,Bogota,10648.98,62302.07,351,"$ 4,088,427",0,$ 0
9472587263,undergraduate,Bucaramanga,6596.2,18265.84,86,"$ 6,735,221",0,$ 0
1875921103,school,Bucaramanga,9715.2,41390.13,678,"$ 5,127,627",1,"$ 3,165,109"
2827005776,phd,Bogota,9595.36,35430.95,464,"$ 16,194,621",0,$ 0
7651388263,master,Medellin,9700.97,67317.52,9,"$ 8,876,752",1,"$ 8,644,293"
2494948680,undergraduate,Cali,12482.83,61521.43,655,"$ 15,783,134",0,$ 0
9517653874,phd,Barranquilla,11817.66,77870.48,255,"$ 6,702,030",0,$ 0
8455339167,master,Medellin,10254.94,49454.51,295,"$ 7,902,759",0,$ 0
5332678049,school,Bucaramanga,11665.37,61011.83,578,"$ 11,853,052",1,"$ 9,033,109"
7950611700,school,Bucaramanga,10923.03,24573.03,766,"$ 11,396,291",1,"$ 9,102,925"
0559239047,phd,Barranquilla,6488.51,46055.13,18,"$ 14,122,955",0,$ 0
0412769821,undergraduate,Cali,11924.33,74170.74,434,"$ 3,491,246",1,"$ 2,047,816"
7488483573,phd,Barranquilla,13354,120174.04,106,"$ 15,967,417",0,$ 0
7325678501,undergraduate,Bogota,7097.69,50288.32,234,"$ 15,202,396",0,$ 0
0610524133,school,Bucaramanga,6450.59,14210.01,380,"$ 18,993,799",0,$ 0
8326471006,undergraduate,Medellin,10268.3,46347.27,549,"$ 6,335,052",0,$ 0
7909688593,master,Medellin,12505.69,70111.24,308,"$ 14,694,667",1,"$ 14,694,667"
8202014821,master,Medellin,10905.61,28057.55,569,"$ 18,275,969",0,$ 0
7920056067,undergraduate,Bogota,4177.17,23316.45,72,"$ 19,689,213",0,$ 0
6404633406,phd,Barranquilla,12905.19,106710.28,33,"$ 11,636,029",0,$ 0
2812409420,phd,Barranquilla,14053.97,105488.19,218,"$ 13,508,958",0,$ 0
5630006365,master,Barranquilla,8725.58,85292.82,43,"$ 6,455,496",0,$ 0
9067221213,undergraduate,Barranquilla,11150.79,76944.5,632,"$ 11,148,951",0,$ 0
7748955042,school,Cali,16643.73,95406.71,789,"$ 6,134,050",1,"$ 5,446,698"
2811058650,master,Bogota,9115.4,60034.09,198,"$ 9,398,853",0,$ 0
1328635921,undergraduate,Medellin,9368.24,21193.49,601,"$ 5,749,012",0,$ 0
0287984324,school,Bucaramanga,3524.27,0,408,"$ 2,886,365",0,$ 0
4173803517,phd,Medellin,16517.12,75664.83,633,"$ 9,253,146",1,"$ 6,342,935"
6389556375,school,Bucaramanga,12836.13,21790.69,798,"$ 7,139,694",1,"$ 5,534,689"
8827187231,phd,Bogota,9123.18,30464.35,418,"$ 5,450,259",0,$ 0
1673579818,phd,Barranquilla,17393.52,99951.2,708,"$ 496,420",1,"$ 496,420"
4753125285,undergraduate,Cali,16388.32,71679.66,786,"$ 2,175,483",1,"$ 2,175,483"
5021072738,master,Bogota,13083.57,106721.19,106,"$ 928,067",1,"$ 285,840"
4102445460,master,Barranquilla,10901.25,72698.89,334,"$ 4,762,637",0,$ 0
4872844849,school,Cali,8861.25,59081.63,481,"$ 2,800,003",0,$ 0
3516210347,undergraduate,Bucaramanga,5639.61,20108.33,16,"$ 6,045,358",0,$ 0
2575638729,school,Medellin,6653.52,20882.34,515,"$ 10,737,409",0,$ 0
6110705554,school,Bucaramanga,5246.03,17264.34,166,"$ 15,624,255",0,$ 0
5515548890,phd,Barranquilla,9297.63,89045.1,50,"$ 16,636,572",0,$ 0
9291990568,school,Bucaramanga,3310.2,9861.32,126,"$ 12,579,904",0,$ 0
7284806874,school,Bucaramanga,8183.3,12658.22,513,"$ 10,640,623",0,$ 0
4463238689,phd,Barranquilla,11504.18,99848.16,269,"$ 468,739",0,$ 0
8859072256,master,Cali,13462.46,71165.6,536,"$ 8,595,321",0,$ 0
8272346138,undergraduate,Medellin,12925.45,61726.25,693,"$ 13,441,008",1,"$ 4,388,045"
1424901474,master,Bucaramanga,14580.13,13277.96,775,"$ 13,698,811",1,"$ 8,878,566"
8054514739,master,Medellin,12741.79,54463.1,594,"$ 11,548,546",0,$ 0
8292592383,school,Bucaramanga,12685.38,18003.33,798,"$ 15,515,171",1,"$ 14,505,495"
2168239194,undergraduate,Bucaramanga,12545.89,67586.24,366,"$ 10,684,036",1,"$ 10,684,036"
4524335222,phd,Bucaramanga,15954.95,34419.17,780,"$ 79,580",1,"$ 79,580"
8027800411,school,Barranquilla,8501.52,83605.9,222,"$ 2,152,663",0,$ 0
8639772475,master,Barranquilla,8214.65,40740.5,631,"$ 14,118,424",0,$ 0
6894627885,phd,Cali,10754.8,37862.42,339,"$ 2,486,425",0,$ 0
6226679310,master,Cali,15294.69,101207.37,296,"$ 11,284,988",1,"$ 11,126,677"
4560075304,school,Bucaramanga,14768.92,37444.03,778,"$ 17,122,630",1,"$ 15,783,218"
8939749843,school,Bucaramanga,2967.86,0,334,"$ 12,250,624",0,$ 0
9551252633,master,Barranquilla,11479.94,91626.35,379,"$ 15,630,154",0,$ 0
0148533576,school,Cali,9094.86,78230.81,160,"$ 3,988,784",0,$ 0
8045214700,master,Medellin,11818.08,46080.48,471,"$ 16,362,238",0,$ 0
2332624020,phd,Barranquilla,15063.2,115306.01,342,"$ 13,714,618",0,$ 0
5555558395,phd,Barranquilla,13351.52,117385.74,69,"$ 6,643,372",0,$ 0
0853111425,master,Medellin,14570.63,69619.44,620,"$ 16,691,437",1,"$ 14,687,974"
3833026277,master,Cali,9089.14,67778.23,65,"$ 12,152,351",0,$ 0
3808936139,undergraduate,Barranquilla,7493.45,71558.98,229,"$ 7,567,606",0,$ 0
3636363518,master,Barranquilla,13231.98,79347.61,565,"$ 16,533,849",0,$ 0
7940903199,school,Medellin,5798.97,80126.01,14,"$ 18,192,589",1,"$ 5,749,614"
5392169073,master,Medellin,13428.85,69224.76,397,"$ 7,942,608",1,"$ 3,884,966"
2757323661,master,Cali,5645.3,34778.77,16,"$ 14,579,083",0,$ 0
3938371640,school,Medellin,9596.21,50096.01,783,"$ 1,368,770",0,$ 0
6578982177,undergraduate,Bogota,11517.73,60288.58,727,"$ 10,182,703",0,$ 0
5582308545,undergraduate,Bucaramanga,9456.87,29874.11,440,"$ 3,923,509",0,$ 0
2972021575,master,Barranquilla,7310.65,32454.68,373,"$ 10,010,633",0,$ 0
4338343422,school,Medellin,7631.59,37447.09,334,"$ 3,033,629",0,$ 0
5631914581,school,Medellin,13235.94,96742.48,445,"$ 9,571,704",1,"$ 6,225,243"
6620886997,school,Bucaramanga,13085.02,29737.26,798,"$ 1,674,131",1,"$ 670,789"
0259058640,undergraduate,Bucaramanga,8112.56,10164.33,367,"$ 16,652,224",0,$ 0
5813435700,master,Bogota,12933.53,79119.5,303,"$ 19,558,881",0,$ 0
4514021825,phd,Barranquilla,11755.32,98557.51,34,"$ 965,016",0,$ 0
6653474595,master,Cali,12917.83,63455.15,669,"$ 11,766,100",0,$ 0
4645842381,phd,Barranquilla,15795.81,87312.27,733,"$ 7,676,598",0,$ 0
9293922479,school,Medellin,5470.1,38168.24,188,"$ 19,640,470",0,$ 0
5382956832,phd,Barranquilla,13149.41,90187.35,121,"$ 16,675,146",0,$ 0
4250226629,master,Medellin,13495.07,38552.15,734,"$ 5,308,190",0,$ 0
9368173393,school,Bucaramanga,3193.3,0,74,"$ 12,968,912",0,$ 0
4542538483,school,Cali,6803.22,59308.52,67,"$ 16,155,514",0,$ 0
3489986703,undergraduate,Bogota,9067.02,60689.41,266,"$ 11,027,697",0,$ 0
3223811557,school,Bucaramanga,10354.22,41387.87,692,"$ 8,014,422",1,"$ 8,014,422"
1461529476,school,Bucaramanga,5199.31,4191.37,440,"$ 9,370,482",0,$ 0
5861087991,master,Barranquilla,9355.38,71094.79,345,"$ 10,919,950",0,$ 0
5651367846,phd,Medellin,14312.65,59137.16,535,"$ 1,456,043",1,"$ 818,746"
1418348175,master,Barranquilla,8097.03,60971.8,245,"$ 14,549,360",0,$ 0
4984357376,phd,Bogota,14452.75,79205.23,411,"$ 19,990,176",0,$ 0
1879025789,undergraduate,Barranquilla,9113.88,57612.34,657,"$ 12,993,481",0,$ 0
6210334648,school,Medellin,7447.77,24022.3,663,"$ 4,702,501",0,$ 0
1502778035,master,Bogota,13961.86,74044.95,699,"$ 13,072,747",0,$ 0
1168471801,undergraduate,Medellin,11453.08,43819.73,624,"$ 13,098,596",0,$ 0
1008823618,phd,Bogota,13332.34,63166.49,237,"$ 18,235,351",0,$ 0
6240370039,school,Bucaramanga,7325.43,12669.89,524,"$ 13,078,739",0,$ 0
3088411472,undergraduate,Cali,14084.68,92440.66,404,"$ 6,739,900",1,"$ 6,578,093"
6910826282,phd,Cali,9594.72,28382.1,316,"$ 15,550,049",0,$ 0
2233973003,undergraduate,Bogota,7490.7,39293.11,398,"$ 6,655,663",0,$ 0
3701700297,school,Bucaramanga,2915.82,2466.6,50,"$ 4,264,400",0,$ 0
8420250209,school,Cali,7528.07,47093.26,405,"$ 15,668,388",0,$ 0
4610063740,master,Bogota,16651.28,69354.02,785,"$ 11,779,215",0,$ 0
4555768126,undergraduate,Medellin,9132.42,57860.11,271,"$ 18,554,241",0,$ 0
0665988958,phd,Barranquilla,12330.58,102430.94,12,"$ 14,579,621",0,$ 0
9275025035,school,Bucaramanga,3274.47,0,281,"$ 2,162,535",0,$ 0
9504062542,school,Bucaramanga,13909.95,68908.52,700,"$ 18,862,522",1,"$ 5,823,667"
5061558254,master,Cali,10054.16,47671.54,490,"$ 919,101",0,$ 0
9638953663,phd,Barranquilla,17637.09,82924.77,762,"$ 19,370,799",0,$ 0
5020356804,phd,Barranquilla,14544.69,63288.91,703,"$ 12,719,931",0,$ 0
9441930042,phd,Barranquilla,12181.57,87054.21,90,"$ 16,792,553",0,$ 0
4629804950,master,Bogota,13152.41,60596.39,673,"$ 19,183,057",0,$ 0
3444241836,phd,Bogota,13134.61,60825.09,167,"$ 13,782,793",0,$ 0
5220253219,undergraduate,Bogota,11996.31,82901.14,531,"$ 3,047,926",0,$ 0
8834153093,master,Cali,10633.52,67098.06,296,"$ 10,569,011",0,$ 0
0761889546,undergraduate,Barranquilla,7329.71,43674.66,428,"$ 17,816,884",0,$ 0
1044970368,undergraduate,Bucaramanga,9642.97,33876.51,446,"$ 15,951,541",0,$ 0
1296961885,phd,Bogota,15795.86,66356.99,561,"$ 4,271,555",0,$ 0
4414932345,master,Medellin,10858.68,32273.63,563,"$ 7,495,217",0,$ 0
8481039905,phd,Bucaramanga,6605.51,0,210,"$ 2,628,015",0,$ 0
2268303034,school,Bucaramanga,7214.5,44431.78,165,"$ 3,270,521",1,"$ 3,182,726"
9793192271,master,Cali,9535.16,50077.03,249,"$ 7,898,539",0,$ 0
0762493214,phd,Barranquilla,18221.63,97605.44,777,"$ 14,561,063",0,$ 0
3727449779,master,Medellin,8822.84,33324.25,281,"$ 885,831",0,$ 0
1248652247,phd,Barranquilla,12560.32,51299.27,453,"$ 18,733,449",0,$ 0
5520242398,phd,Medellin,14632.36,33324.96,698,"$ 9,726,763",1,"$ 2,646,224"
2897526799,master,Barranquilla,6815.65,55166.6,37,"$ 14,536,574",0,$ 0
0666620214,school,Medellin,10313.84,50735.4,568,"$ 7,351,894",0,$ 0
9878465840,school,Bucaramanga,6009.08,31271.08,330,"$ 7,888,941",1,"$ 7,776,276"
5174475804,undergraduate,Bucaramanga,11783.71,36534.07,688,"$ 16,230,184",1,"$ 16,230,184"
7420858650,phd,Barranquilla,6926.67,64940.71,55,"$ 11,873,775",0,$ 0
9907234196,phd,Medellin,11581.3,37049.97,383,"$ 14,901,521",0,$ 0
7512678428,undergraduate,Bogota,10535.99,65462.96,575,"$ 12,190,163",0,$ 0
7320534038,master,Medellin,14808.18,62377.78,678,"$ 14,057,072",1,"$ 6,332,721"
4553517307,school,Bucaramanga,4432.05,13031.41,581,"$ 11,800,960",0,$ 0
9542401318,phd,Barranquilla,15149.39,85164.33,527,"$ 16,986,712",0,$ 0
8050671700,phd,Barranquilla,11983.74,79229.03,248,"$ 5,206,994",0,$ 0
2931148445,phd,Barranquilla,15063.02,47661.52,634,"$ 3,395,238",0,$ 0
1571942461,master,Bogota,13725.9,43571.74,791,"$ 931,746",0,$ 0
3436947535,master,Bogota,11067.92,68389.03,281,"$ 17,972,122",0,$ 0
1645304690,school,Medellin,3097.52,3263.11,238,"$ 5,370,453",0,$ 0
3545800547,school,Bucaramanga,11661.6,35536.75,712,"$ 2,595,635",1,"$ 1,131,573"
8424143541,school,Medellin,4700.05,24836.95,309,"$ 8,988,305",0,$ 0
6201331557,master,Barranquilla,9464.55,64893.92,627,"$ 5,266,337",0,$ 0
2914871942,undergraduate,Medellin,10172.17,76803.77,97,"$ 12,944,612",1,"$ 12,214,812"
8807080199,undergraduate,Bogota,10513.31,76722.14,508,"$ 12,679,406",0,$ 0
0078965157,master,Cali,10082.61,30611.66,466,"$ 10,197,010",0,$ 0
2895322002,phd,Medellin,17412.09,65833.64,768,"$ 4,758,370",1,"$ 3,087,765"
4743929866,master,Cali,11918.31,63628.94,524,"$ 9,654,597",0,$ 0
3430748462,phd,Barranquilla,11762.56,51078.38,633,"$ 5,041,157",0,$ 0
4249670602,undergraduate,Bogota,12922.34,75536.81,656,"$ 5,144,237",0,$ 0
2431184645,phd,Barranquilla,18675.64,109570.76,554,"$ 12,286,487",0,$ 0
7459291298,undergraduate,Bucaramanga,12957.77,45321.78,659,"$ 9,612,655",1,"$ 6,333,284"
0265435495,undergraduate,Bucaramanga,5971.99,6650.49,281,"$ 1,805,089",0,$ 0
4196147117,phd,Bogota,11969.79,88718.21,88,"$ 18,170,524",0,$ 0
1139926341,undergraduate,Medellin,9304.69,12620.95,724,"$ 5,018,946",0,$ 0
4340044324,master,Barranquilla,12841.93,97237.67,305,"$ 18,239,541",0,$ 0
1668266655,undergraduate,Bogota,7731.82,69761.37,128,"$ 14,804,442",0,$ 0
9442141198,undergraduate,Medellin,13014.32,29090.9,783,"$ 18,643,393",0,$ 0
7089291758,school,Bucaramanga,7846.37,21102.54,646,"$ 11,225,114",1,"$ 10,997,130"
3786724131,school,Bucaramanga,2376.67,15769.68,171,"$ 3,463,386",1,"$ 2,088,922"
4573228907,school,Bucaramanga,4771.29,14632.18,598,"$ 16,695,321",0,$ 0
7030186078,phd,Barranquilla,12874.82,82048,431,"$ 5,480,715",0,$ 0
1931382081,master,Bucaramanga,6063.68,0,121,"$ 11,163,791",0,$ 0
9917157250,school,Bucaramanga,14274.81,41255.9,797,"$ 6,822,692",1,"$ 6,822,692"
7025455647,master,Bogota,12350.86,60893.01,585,"$ 11,645,819",0,$ 0
3467759617,undergraduate,Barranquilla,4843.93,65106.75,34,"$ 7,408,765",0,$ 0
7067510734,school,Bucaramanga,7476.2,35577.22,507,"$ 522,816",1,"$ 324,874"
8788791060,phd,Bogota,13832.98,64069.16,165,"$ 4,881,475",0,$ 0
0201439375,master,Barranquilla,12336.73,57369.83,762,"$ 6,379,335",0,$ 0
6707952721,master,Bucaramanga,10040.51,25243.47,308,"$ 556,891",0,$ 0
2690242864,school,Medellin,7918.94,43442.9,458,"$ 9,909,344",0,$ 0
3563825406,undergraduate,Bucaramanga,10420.55,43749.64,267,"$ 10,658,158",1,"$ 5,989,439"
1557991257,master,Bogota,12849.23,87786.92,238,"$ 16,933,167",1,"$ 5,228,627"
4113296379,master,Barranquilla,12610.61,77152.25,573,"$ 3,728,735",0,$ 0
5952621132,master,Barranquilla,11661.54,68198.56,487,"$ 19,256,069",0,$ 0
9159668125,phd,Bogota,10220.7,47265.8,353,"$ 5,347,250",0,$ 0
0357982540,school,Bucaramanga,11757.65,14427.81,727,"$ 18,073,707",1,"$ 17,218,105"
9733359148,school,Bucaramanga,13159.31,25050.58,792,"$ 6,832,826",1,"$ 2,764,893"
9763635485,school,Bucaramanga,8890.48,27407.87,627,"$ 9,313,754",0,$ 0
5492384898,phd,Barranquilla,12778.08,97894.48,126,"$ 8,801,246",0,$ 0
9610618873,phd,Barranquilla,11426.22,43856.42,319,"$ 15,293,904",0,$ 0
1761005432,undergraduate,Medellin,11580.67,62445.89,435,"$ 12,446,836",0,$ 0
3358522787,school,Medellin,3871.52,36682.93,90,"$ 10,890,555",0,$ 0
1369651061,school,Bogota,5775.57,54761.69,137,"$ 15,487,654",0,$ 0
3437297062,school,Medellin,6385.47,58258.35,128,"$ 5,747,956",0,$ 0
1871181869,master,Medellin,8421.98,29320.19,285,"$ 11,051,952",0,$ 0
7432803806,school,Bucaramanga,7858.35,16312.56,500,"$ 4,975,433",0,$ 0
4587618454,undergraduate,Medellin,9586.24,28407.41,469,"$ 18,988,873",0,$ 0
2809188617,undergraduate,Cali,6933.95,52509.46,60,"$ 6,007,505",0,$ 0
4596854319,school,Bogota,10029.76,74155.16,469,"$ 14,831,915",0,$ 0
9860011775,undergraduate,Medellin,10946.48,66251.54,316,"$ 7,431,827",1,"$ 2,880,474"
1915532076,undergraduate,Bucaramanga,8826.21,58766.69,56,"$ 6,395,994",1,"$ 4,323,804"
1222925324,undergraduate,Bogota,10340.52,86450.25,301,"$ 8,824,692",0,$ 0
9883647904,master,Cali,13282.86,51799.28,742,"$ 14,839,816",0,$ 0
3592636767,master,Barranquilla,10505.96,40301.32,725,"$ 669,924",0,$ 0
0917499556,phd,Barranquilla,12776.87,90683.99,137,"$ 15,299,435",0,$ 0
2466547615,phd,Barranquilla,10688.53,68655.8,184,"$ 16,113,523",0,$ 0
9783807524,school,Cali,4560.53,56579.61,127,"$ 3,400,440",0,$ 0
9725023918,phd,Barranquilla,13565.83,67964.5,774,"$ 2,385,566",0,$ 0
9655893142,school,Bucaramanga,10473.13,43838.67,662,"$ 10,826,165",1,"$ 10,826,165"
4306358063,phd,Cali,8720.63,56044.19,32,"$ 4,348,834",0,$ 0
0912770298,school,Bucaramanga,10575.01,12605.3,699,"$ 15,112,913",1,"$ 5,874,197"
6838826829,school,Medellin,8320.02,36646.09,686,"$ 3,086,261",0,$ 0
5779282686,phd,Barranquilla,10696.61,70340.96,135,"$ 6,409,494",0,$ 0
4471651753,school,Bucaramanga,11624.37,37720.66,787,"$ 1,970,201",1,"$ 1,029,003"
0925492202,school,Bucaramanga,5675.74,0,254,"$ 10,219,751",0,$ 0
5383973721,school,Bucaramanga,3203.52,918.54,81,"$ 15,479,323",0,$ 0
9418593370,master,Bogota,14406.36,71677.48,709,"$ 12,480,923",0,$ 0
3752779442,phd,Bogota,19500.01,122834.06,375,"$ 12,826,161",1,"$ 4,149,855"
7531161748,master,Bucaramanga,11404.7,28405.22,485,"$ 17,604,990",0,$ 0
7751678741,undergraduate,Medellin,11230.06,49378.96,694,"$ 12,700,821",0,$ 0
8875979881,undergraduate,Medellin,12380.77,55417.14,647,"$ 15,519,892",1,"$ 4,607,302"
7386113634,master,Medellin,16282.62,57516.27,776,"$ 15,754,789",1,"$ 15,754,789"
5707634090,phd,Bogota,12034.54,44789.66,238,"$ 18,181,842",0,$ 0
1588414369,master,Barranquilla,10258.95,83128.92,231,"$ 2,130,065",0,$ 0
6716327711,school,Bogota,2537.41,33689.23,176,"$ 5,536,714",0,$ 0
1215990518,school,Bucaramanga,7215.53,25844.9,345,"$ 10,614,687",1,"$ 6,438,343"
0634709887,phd,Medellin,14894,66110.24,580,"$ 14,824,423",1,"$ 6,721,208"
6451348559,phd,Barranquilla,12040.35,80747.64,107,"$ 8,053,754",0,$ 0
9454335094,school,Bucaramanga,13547.55,30893.62,793,"$ 6,817,208",1,"$ 4,427,471"
3869506313,phd,Cali,10818.9,31966.02,421,"$ 9,940,017",0,$ 0
5369277487,school,Bucaramanga,6700.09,43162.44,182,"$ 19,252,838",1,"$ 11,606,630"
4691024409,phd,Barranquilla,10882.29,63752.02,270,"$ 13,534,680",0,$ 0
4706439068,master,Bogota,7761.19,43380.33,268,"$ 10,628,986",0,$ 0
4363006156,undergraduate,Cali,9178.61,68725.62,90,"$ 18,033,031",0,$ 0
3991637012,phd,Barranquilla,3138.97,47653.17,1,"$ 1,880,614",0,$ 0
5494720034,undergraduate,Barranquilla,9907.46,61763.02,604,"$ 18,788,758",0,$ 0
8474020622,master,Medellin,10742.5,20925.76,555,"$ 11,257,013",0,$ 0
4029612634,undergraduate,Medellin,9312.88,50898.67,313,"$ 6,389,244",0,$ 0
6352596526,undergraduate,Bucaramanga,9333.22,7784.2,596,"$ 12,384,325",0,$ 0
6213244502,phd,Barranquilla,10871.76,45613.81,380,"$ 2,535,829",0,$ 0
5955431768,undergraduate,Cali,5070.16,38995.85,50,"$ 3,791,035",0,$ 0
9258900937,master,Cali,9218.76,69659.66,25,"$ 13,877,117",0,$ 0
2680852089,school,Medellin,7817,44182.67,407,"$ 8,259,431",0,$ 0
4580282188,phd,Cali,10691.61,53724.43,69,"$ 5,072,281",0,$ 0
6670499757,phd,Barranquilla,13522.82,84206.52,546,"$ 19,181,479",0,$ 0
8795477231,school,Bucaramanga,13388.78,51973.97,739,"$ 13,021,089",1,"$ 13,021,089"
0902840828,school,Bucaramanga,9012.77,4030.85,735,"$ 12,735,370",1,"$ 12,151,662"